"wavelength","date","G_cor_low","G_cor_high","G_cor_mean","P_cor"
398,"10-Jan",-0.190130823664127,0.0129082695160729,-0.0815315233261817,-0.120748158324212
405,"10-Jan",-0.117429919875721,0.0752513203443319,-0.0251376732089851,-0.0591325029293167
412,"10-Jan",-0.0765675758059069,0.0831862695160955,0.00223659654717452,-0.0220712371746381
420,"10-Jan",-0.139431383083212,0.0147774341996596,-0.0630420981721271,0.0381004709066912
427,"10-Jan",-0.0845053124131977,0.0716029421030686,-0.00653792933172769,0.0283284676103931
434,"10-Jan",-0.0571282355015323,0.0717156689883592,0.00461222418695994,0.0525380056076499
442,"10-Jan",-0.0317269212680394,0.0885579091102763,0.0218855879910199,0.0899141032687838
449,"10-Jan",-0.0707826200725808,0.0494860812161206,-0.0105925960893847,0.0888024512801427
457,"10-Jan",-0.0451121088139567,0.0719727115391305,0.00875997114653646,0.0916882875284515
464,"10-Jan",-0.0620014054054484,0.0510939013249413,-0.00590123405097899,0.0672697982442077
471,"10-Jan",-0.0351830026357482,0.0720900781695313,0.0213293568325013,0.0727878264713565
479,"10-Jan",-0.0224502363380453,0.0812312705436659,0.025407487137408,0.082361085309511
486,"10-Jan",-0.0459528815254742,0.057631094309978,0.0023975433648547,0.0755882532137009
493,"10-Jan",-0.0488668456206373,0.0535743187693369,0.00625057421810153,0.0712794426536385
501,"10-Jan",-0.0384630525242389,0.0641285731614883,0.0115938590266783,0.0694163177541237
508,"10-Jan",-0.0571889435019051,0.0424811871848803,-0.00382901573856504,0.0552815534431084
515,"10-Jan",-0.0596324815667172,0.0500872004631759,-0.0051436014888651,0.0571031445970631
523,"10-Jan",-0.0639521556471246,0.0605765907383995,0.000641523054367922,0.0661443190386657
530,"10-Jan",-0.0775173170897436,0.0583723541977686,-0.0126391866491927,0.062195222574438
538,"10-Jan",-0.090128092677099,0.0513717188988106,-0.0197037005877396,0.060525079597287
545,"10-Jan",-0.0942054735490128,0.0494793384262462,-0.0193453840408114,0.0521694810430153
552,"10-Jan",-0.0946072691257506,0.043665399480911,-0.0272583001533287,0.045648457047258
560,"10-Jan",-0.0971345220522409,0.0374570180574399,-0.0301829074708793,0.0368885759385833
567,"10-Jan",-0.0990937271564867,0.0265063988345044,-0.0376832717885577,0.0275097211557105
574,"10-Jan",-0.100671885738674,0.0150446701695047,-0.0440391283389684,0.0194750452436479
582,"10-Jan",-0.10060293910342,0.0107429777390784,-0.0452152857819611,0.0154744067138462
589,"10-Jan",-0.105933835962614,0.00369582322292385,-0.0488809061520576,0.00755026749187355
596,"10-Jan",-0.102752321653843,0.00603051386804083,-0.049402849438103,0.0053813105981377
604,"10-Jan",-0.0997163641890446,0.00521312813011314,-0.045487172022041,0.00199989906627312
611,"10-Jan",-0.108087563395024,-0.00223530338212209,-0.0501497413552428,-0.000408533737733697
619,"10-Jan",-0.10816498155667,-0.00504750722928399,-0.0524786447611197,-0.00107774066015657
626,"10-Jan",-0.105291777716901,0.000371526851234405,-0.0540028452535585,0.000249918901184308
633,"10-Jan",-0.10230136039502,-0.000764163991994239,-0.0475781320847561,0.00011083188212853
641,"10-Jan",-0.0985621124543803,0.00340573457103924,-0.0473604530176876,-0.00273814584858123
648,"10-Jan",-0.102675895297383,7.42878657777459e-05,-0.0501769725863719,-0.0060435768083889
655,"10-Jan",-0.106228516215505,-0.00621136239604559,-0.0514441518391861,-0.00440665353227042
663,"10-Jan",-0.0929152774938291,0.00572691825759361,-0.0452307933013437,-0.00472354335228621
670,"10-Jan",-0.0969342747080368,0.0017284383243157,-0.0455115019253337,-0.00161293224575922
678,"10-Jan",-0.0935704620562483,0.00544026939373054,-0.0469496191753929,-0.00420490223385353
685,"10-Jan",-0.0989176576872034,0.00100257881441412,-0.0484620413785561,-0.00745290808429064
692,"10-Jan",-0.118049246824046,-0.010385008895693,-0.060290379092902,-0.00720767298266
700,"10-Jan",-0.135815462580616,-0.0104125580675295,-0.0698575202579244,-0.00642592270047929
707,"10-Jan",-0.13547046428393,0.0152896647393528,-0.0605698223617916,0.00168013064245697
714,"10-Jan",-0.11151117088631,0.0452024674723412,-0.0309640410974782,0.0187613360466204
722,"10-Jan",-0.0835355313990648,0.0637982454831542,-0.00512772154238606,0.0269342272710934
729,"10-Jan",-0.0693714844081299,0.0729821371739867,0.00874119069131487,0.0221099484194603
736,"10-Jan",-0.0510443015773221,0.085504988829774,0.0162455021528777,0.0151267651589304
744,"10-Jan",-0.0484178258758714,0.0831774404611916,0.0161520093773234,0.0102510907636085
751,"10-Jan",-0.0499777028457532,0.0803296300985744,0.0153869428236611,0.00533152881863477
759,"10-Jan",-0.0457234450131113,0.0822049367254625,0.0155961352325147,0.00258755250192364
766,"10-Jan",-0.0411441711335567,0.0835103393625387,0.0212141250764178,0.0052005179423708
773,"10-Jan",-0.0453922724926628,0.0835463399082834,0.0149879020548939,0.000907656607844495
781,"10-Jan",-0.0470912359675592,0.0779773049940243,0.0143687459675547,-0.00220563244866059
788,"10-Jan",-0.0488921443641804,0.0773750841720138,0.0146951000682298,-0.00146995420319499
795,"10-Jan",-0.0526337716123049,0.0759348085276177,0.0112547710952449,-0.000627273294441122
803,"10-Jan",-0.0512133258789504,0.0747178235861835,0.0109249221962273,-0.00442061699833505
810,"10-Jan",-0.055299719319024,0.070556746168701,0.00845223290113031,-0.00360489004400351
818,"10-Jan",-0.0536063720599099,0.0708453610457915,0.0101536016478855,-0.00674336214395513
825,"10-Jan",-0.0558847323351859,0.0694397945492934,0.00777198868079237,-0.00828367074748764
832,"10-Jan",-0.0551747203390436,0.0720636654283,0.00522060516866736,-0.00884977171002674
840,"10-Jan",-0.0568668227925107,0.0703521205394169,0.00565265344261746,-0.00858591619906074
847,"10-Jan",-0.0556000130295845,0.0719848015371726,0.00342249775977856,-0.00853970176493736
398,"19-Jan",-0.117636026787889,0.0812118679533187,-0.0116915385819466,0.035681042462273
405,"19-Jan",-0.0958546488230225,0.0807019303666147,-0.00242925302276576,0.0721080833456071
412,"19-Jan",0.00182242489875897,0.191568104008196,0.0968008758153336,0.0783306644753084
420,"19-Jan",0.00354303227251821,0.185750416406575,0.095335390758759,0.0410408754287665
427,"19-Jan",0.0228948025327096,0.205713071208788,0.117816470076058,0.0724550117829962
434,"19-Jan",-0.00407250086432284,0.179409784883727,0.0864143311927368,0.0618406713605632
442,"19-Jan",-0.0263823507695575,0.131028016466929,0.0571769502257946,0.0117378261398788
449,"19-Jan",-0.0162074757338997,0.134548800419415,0.0587459705344993,-0.00355399600918086
457,"19-Jan",-0.0231378028993414,0.131002468991813,0.0585036264006502,0.00658055252978817
464,"19-Jan",-0.0243942398243359,0.130499015472039,0.0612358056801192,-0.00117136562397783
471,"19-Jan",-0.0184874107488872,0.13431977947011,0.0605875286856851,0.0107161240319653
479,"19-Jan",-0.0270416434007525,0.117914529021569,0.0479460450795411,0.00659482338706155
486,"19-Jan",-0.0439605591229872,0.101443580947732,0.0361683506256094,-0.0136968877366646
493,"19-Jan",-0.0314731674241263,0.116675915614252,0.0476766722355582,0.00776249565676591
501,"19-Jan",-0.0225387650390502,0.120535532594715,0.0472322972362305,-0.00144129836688061
508,"19-Jan",-0.0307507643024312,0.110832606409718,0.0392700923135568,-0.00683809655028802
515,"19-Jan",-0.0450708464492647,0.0905887638724169,0.0264881339995116,-0.00834515614539585
523,"19-Jan",-0.0570633965460623,0.0812068701055062,0.0173221961758744,-0.0213720874836088
530,"19-Jan",-0.0650725370751815,0.0752742439250188,0.00694034791529217,-0.031261113983891
538,"19-Jan",-0.0519857757408155,0.0867309133608177,0.0115203557078087,-0.0310978613357748
545,"19-Jan",-0.0649318764441811,0.0750084821037636,0.00874309187541972,-0.0356689986594152
552,"19-Jan",-0.066787483328627,0.0734571504446982,0.00404049456709251,-0.0396302854182367
560,"19-Jan",-0.0572852120028289,0.0764534405694085,0.00998821415202982,-0.0427750831365247
567,"19-Jan",-0.0612577767818254,0.0739171319124239,0.00671977972760935,-0.0464192596120796
574,"19-Jan",-0.0689598850375184,0.0643729390135586,0.0014520482198474,-0.0507072972705133
582,"19-Jan",-0.0636684339283388,0.0671697559310048,0.00427101618028461,-0.0523004751859227
589,"19-Jan",-0.0689333340809746,0.0579446542817484,-0.0012665605449013,-0.0565682913883583
596,"19-Jan",-0.0661112957654768,0.0578600642233805,-0.00373830110853744,-0.0543326999280679
604,"19-Jan",-0.0661334365657284,0.0582992257694801,-0.000212707181293485,-0.0517789338898586
611,"19-Jan",-0.0639561082398871,0.0557242846373446,-0.00204449422382956,-0.0511135550124948
619,"19-Jan",-0.0678141229658763,0.052072895003135,-0.00859651203446011,-0.054517979187158
626,"19-Jan",-0.0740014330048283,0.0440098251301546,-0.0116138974342109,-0.0570100124251415
633,"19-Jan",-0.0659680213074247,0.0536981148518729,-0.00569575353608924,-0.0533465226822762
641,"19-Jan",-0.0698840125412939,0.0447133671867094,-0.00856696096715874,-0.0493677964162132
648,"19-Jan",-0.0543960584418529,0.0575190732100437,-0.00070943483532829,-0.0465924360936874
655,"19-Jan",-0.0601769320531526,0.0561927886489618,0.00338389859286542,-0.0480278898058514
663,"19-Jan",-0.061642883028727,0.0541508328664453,-0.00185501498052889,-0.0471680331342458
670,"19-Jan",-0.0523031195625285,0.0596659595401065,0.00353096096497226,-0.0414102853901651
678,"19-Jan",-0.0585629013577368,0.0534342906566607,-0.000493737546423609,-0.0462665276695384
685,"19-Jan",-0.066104880525626,0.0462541745930244,-0.011938422558894,-0.0567838254936521
692,"19-Jan",-0.0938589266872936,0.0271550838666818,-0.0325939100390828,-0.0690632617406721
700,"19-Jan",-0.115776598450785,0.0187979002956086,-0.0403702175011532,-0.0748720098900397
707,"19-Jan",-0.101479475764516,0.0400361175254091,-0.0285651589181808,-0.0623421957479485
714,"19-Jan",-0.0931946852022293,0.0505611471760354,-0.0200916881238185,-0.0445150447841522
722,"19-Jan",-0.070245263219016,0.0717706646802471,-0.00401516517942256,-0.0224749465831057
729,"19-Jan",-0.0664339209831622,0.0700341429678615,0.00750830610320488,-0.00164750355405332
736,"19-Jan",-0.0560939048081149,0.0787915360457369,0.0150345675016025,0.00939809171965616
744,"19-Jan",-0.0463264120778457,0.0829572628494597,0.0221275465522243,0.0144061593228945
751,"19-Jan",-0.0446894964210265,0.0856868921202926,0.0251698695131864,0.0181962702556232
759,"19-Jan",-0.0390832072324831,0.0904396108088888,0.0259896556042997,0.0192907060890493
766,"19-Jan",-0.0348290237028021,0.0904400751423218,0.0291824846281677,0.0190717600253221
773,"19-Jan",-0.0381222677038724,0.0898527406691739,0.0264093438226975,0.0209169115176294
781,"19-Jan",-0.0389122507179654,0.0908221760291765,0.0271825914960231,0.0180430971709607
788,"19-Jan",-0.0387434758958374,0.0887680722652416,0.0265990919092226,0.0170833571598763
795,"19-Jan",-0.0408439409792774,0.0879017370565611,0.0251281119230254,0.0146887464580333
803,"19-Jan",-0.0391343920386511,0.0879517626728427,0.0234587328090019,0.0162911397320126
810,"19-Jan",-0.0416686843684398,0.0866631773318268,0.0228696363004851,0.0136626894517405
818,"19-Jan",-0.0443855827236752,0.0842177926997193,0.0199254472134364,0.0118812811475252
825,"19-Jan",-0.0451184274912821,0.0838034872460305,0.0208148365511494,0.013636218634957
832,"19-Jan",-0.0524297163342924,0.0786682502067779,0.0136933401538846,0.0109808929146131
840,"19-Jan",-0.0514108010430157,0.0773705147842276,0.0133523754399975,0.00759614969072983
847,"19-Jan",-0.0528781899404953,0.0779257867678754,0.015944523257617,0.010726852467497
398,"04-Feb",-0.0549601305520134,0.141857174490429,0.0416226145596223,-0.0396440194073494
405,"04-Feb",-0.149226686897338,0.0469166300521997,-0.0446052975433584,-0.0880389401547893
412,"04-Feb",-0.0914706530568861,0.0896166509737055,-0.00101657712306818,-0.0460193490483359
420,"04-Feb",-0.0312975460778353,0.136312511684387,0.0522669403679149,-0.100191616248076
427,"04-Feb",0.0254568508907623,0.163008210673329,0.0953882770058918,-0.0222899182209584
434,"04-Feb",0.0246820691189827,0.165033486876756,0.0931484330819004,-0.00662191437595623
442,"04-Feb",0.0573217403746995,0.193253112813297,0.121793856736537,-0.00825691805251252
449,"04-Feb",0.0305010852451629,0.171900783376588,0.104562589749164,-0.0598142088999382
457,"04-Feb",0.0464075165224945,0.172439001039667,0.115661339464571,-0.0589200974580866
464,"04-Feb",0.0602636371210506,0.186220050593416,0.124524496040857,-0.0556518814024794
471,"04-Feb",0.0693695413604336,0.191070015684372,0.127463776073147,-0.046106348400406
479,"04-Feb",0.0582319883647811,0.181155526951223,0.115112743871381,-0.0557310449230698
486,"04-Feb",0.0571278760306542,0.178301708148822,0.119588958156819,-0.0511141208144269
493,"04-Feb",0.0643768808465035,0.185102921280734,0.125329795956032,-0.0509777697751146
501,"04-Feb",0.0523837479365024,0.171668682246032,0.107392240706244,-0.0607961717484094
508,"04-Feb",0.0438417327022759,0.161859740439813,0.0987831762049883,-0.0586722878635403
515,"04-Feb",0.0282600334236742,0.141843178328401,0.0837419054878068,-0.0640964922642628
523,"04-Feb",0.00886531964124837,0.124260401868107,0.0635489598996804,-0.0509077016428219
530,"04-Feb",-0.0157580464047156,0.103004311748858,0.0462778324619557,-0.048040133762342
538,"04-Feb",-0.0237524746983762,0.0967322778576344,0.0402542248382892,-0.0411507279309202
545,"04-Feb",-0.0250576055433845,0.0981125080132797,0.0390926124194291,-0.0368119821825
552,"04-Feb",-0.0220806165060712,0.101467698749734,0.0402239057357524,-0.0367879995845627
560,"04-Feb",-0.0311915758331703,0.0942959252227024,0.033167070445777,-0.0449196429881706
567,"04-Feb",-0.0165719585368744,0.110308940306412,0.0445169621639532,-0.0461450625605917
574,"04-Feb",0.00332870236883143,0.129678091136791,0.0631065833851642,-0.0574880834129986
582,"04-Feb",-0.00407260731439437,0.124655485738271,0.0598434910659938,-0.0727770264182216
589,"04-Feb",0.00141630627184182,0.124281913728685,0.0662763329013693,-0.0721660690884465
596,"04-Feb",0.0100934342070656,0.133571148591933,0.0670366410298783,-0.0692418078953372
604,"04-Feb",0.019029935428093,0.13725357208684,0.0747005915254304,-0.0713979662777076
611,"04-Feb",0.021775046365381,0.137946535455087,0.0815537336437343,-0.0665457300806586
619,"04-Feb",0.0339827494052805,0.149800260777514,0.0890838988810557,-0.0613167976653649
626,"04-Feb",0.0318778880334862,0.148918757112779,0.0902132545323297,-0.0618178683558419
633,"04-Feb",0.0373365171063112,0.154362915763784,0.0938041190081353,-0.066065538806451
641,"04-Feb",0.0371020817898852,0.156545435044366,0.0948782650618708,-0.0703802630855808
648,"04-Feb",0.0380494784115292,0.158106569709112,0.0999596241643223,-0.0749350890675
655,"04-Feb",0.0409716930500331,0.161337520604737,0.103603041593899,-0.0672828698332105
663,"04-Feb",0.0518158192903925,0.174100907022187,0.113722036879734,-0.0664311370259307
670,"04-Feb",0.047131645767752,0.169111323691195,0.111501405028077,-0.0593228624288047
678,"04-Feb",0.0533756138264999,0.173938172135731,0.115659021907229,-0.0674716251065083
685,"04-Feb",0.0236472861643791,0.141626656799029,0.0866609488075878,-0.0779017164339118
692,"04-Feb",-0.00860789746466765,0.116373840363846,0.0471359314038161,-0.0772042414986797
700,"04-Feb",-0.0568619246383117,0.0791661145425242,0.0118233627312783,-0.0571031531903867
707,"04-Feb",-0.060025078490411,0.0680482548039159,0.00299119276012206,-0.0335424552898682
714,"04-Feb",-0.0607757912909107,0.0580472479041979,0.00153193217540547,-0.012853705820852
722,"04-Feb",-0.0414469390109473,0.0707553830891556,0.0179314243531778,0.0171008146018413
729,"04-Feb",-0.0184234261121691,0.0894867669325479,0.0338667588325262,0.0462830829419812
736,"04-Feb",-0.00161727093631311,0.104191762711182,0.0487429119043962,0.073292635360608
744,"04-Feb",0.0118677222226122,0.120981738969568,0.0620537553535517,0.097668768606091
751,"04-Feb",0.00984859460247667,0.126156051155785,0.0650209583108174,0.108844612483373
759,"04-Feb",0.00342723519823341,0.125378595561776,0.0679074474404869,0.116738785755909
766,"04-Feb",0.0238598638994749,0.145653864577709,0.0857327357405561,0.129745379346635
773,"04-Feb",0.0148760212156429,0.137562165137915,0.0777954034864074,0.124951476786977
781,"04-Feb",0.015573734908708,0.13875015930799,0.0759051439278299,0.122619023790663
788,"04-Feb",0.0172613280222172,0.141343757866297,0.0759739350667965,0.117722712659402
795,"04-Feb",0.0135279539788785,0.136964401903635,0.0740579850459767,0.117246811108635
803,"04-Feb",0.00920783339386413,0.134737641173083,0.0730038410812587,0.117354354923379
810,"04-Feb",0.00430148141122951,0.129201217284297,0.0652145433863899,0.111724823771876
818,"04-Feb",0.00769126787609089,0.13131003741776,0.0664853879450792,0.115492615088487
825,"04-Feb",0.000315545966625148,0.125053170629286,0.0601487516826978,0.111673408188524
832,"04-Feb",0.0131655889502642,0.138374623210637,0.0691850319591905,0.114762066738616
840,"04-Feb",0.00367100388746806,0.129246062337821,0.0626918898123138,0.111901292615895
847,"04-Feb",0.00288425200409804,0.127427542519535,0.0649889361321109,0.107475023627632
398,"09-Feb",-0.0932696635854425,0.148285894821778,0.0196563295609101,-0.0243993044324679
405,"09-Feb",-0.016260032001308,0.158386574425375,0.0791505970256,0.0370170553218472
412,"09-Feb",0.0734044331594289,0.218914166532099,0.142337412564122,0.0291431774248656
420,"09-Feb",0.108100410765603,0.254374866488569,0.181552982979913,0.0401894604156379
427,"09-Feb",0.0840674308672004,0.241228364706806,0.160840776380077,0.0806863871165679
434,"09-Feb",0.10795461396996,0.257276488285411,0.183714390668195,0.0934710020733848
442,"09-Feb",0.0975110043951426,0.254734420170887,0.177751660296641,0.070718347060717
449,"09-Feb",0.111531133296416,0.259688641389218,0.187782167505021,0.0793174702032588
457,"09-Feb",0.104880270661109,0.252087544855965,0.188922471431564,0.0780492099665417
464,"09-Feb",0.126736330681278,0.26940131450916,0.195264955998215,0.0726939100395112
471,"09-Feb",0.113343881026365,0.252573119163303,0.184504262783063,0.0679371295404428
479,"09-Feb",0.108179305799378,0.250858129618637,0.18004942770595,0.06844662046227
486,"09-Feb",0.113157390004694,0.255003124447066,0.183134141880731,0.0641506741338664
493,"09-Feb",0.110433625362824,0.252965798107608,0.185110310316672,0.0609457554683461
501,"09-Feb",0.0998808134073973,0.23758996130945,0.170703005966176,0.0586961058133821
508,"09-Feb",0.0935849280812537,0.237182096534585,0.166778043238173,0.0448033027383512
515,"09-Feb",0.0739144185986046,0.212752230639311,0.142182608857337,0.0179308539608486
523,"09-Feb",0.0473989885150867,0.191753487486955,0.119800796574327,-0.00674895696293793
530,"09-Feb",0.0385193538913689,0.185396472184598,0.107325535603482,-0.0115700194414073
538,"09-Feb",0.0343465424486768,0.182096235185598,0.10649011532377,-0.00655916888487388
545,"09-Feb",0.0268177844934828,0.176638009272256,0.100460616180789,0.00408739208941904
552,"09-Feb",0.0293904499053132,0.180774233924143,0.0985607277836025,-0.00192642709352487
560,"09-Feb",0.0232372547927775,0.171954670431285,0.100302633698377,-0.00402616141446582
567,"09-Feb",0.0324452090151937,0.181684471863936,0.10706771224806,-0.0105196291067412
574,"09-Feb",0.0418388309266377,0.191121527831387,0.113563025629037,-0.0147544491373851
582,"09-Feb",0.0522391198350485,0.198203068151213,0.115706017105857,-0.0152307632276888
589,"09-Feb",0.0516234433713308,0.198805696503992,0.120983052268874,-0.00594532512720357
596,"09-Feb",0.0614652090014806,0.207341564349046,0.129421461434403,-0.00166125215599157
604,"09-Feb",0.0589344600172018,0.204985879625048,0.130389781432419,-0.00234452357290996
611,"09-Feb",0.0690260245034042,0.215082188817521,0.136318543583196,0.0055742765430129
619,"09-Feb",0.0735506227392136,0.217724625929472,0.14354335710047,0.00997617927137668
626,"09-Feb",0.0734001569177132,0.219121119421177,0.145220688659653,0.0112624223060325
633,"09-Feb",0.071660289990628,0.218949284557007,0.14489160147837,0.0125566672060664
641,"09-Feb",0.0669715162643476,0.211150563317776,0.141908548474373,0.0158306725143331
648,"09-Feb",0.0699011080912228,0.212193433529644,0.14816744588698,0.0218436612965245
655,"09-Feb",0.0907615042625947,0.233806030406566,0.163130604236401,0.0312690488888163
663,"09-Feb",0.0979108316511946,0.240303108527117,0.171888781069296,0.0467030088446532
670,"09-Feb",0.113248643559958,0.256512983428218,0.180875880394161,0.0528504244783714
678,"09-Feb",0.0977384672585341,0.241646553658857,0.174360308980144,0.047028684195815
685,"09-Feb",0.0884930558129167,0.234409978365454,0.159113433018957,0.0303768695731587
692,"09-Feb",0.0275008299676025,0.184720385870159,0.115787767226026,-0.00979444624339757
700,"09-Feb",-0.0231510535486356,0.130848805233359,0.0557065508911762,-0.0386411781022213
707,"09-Feb",-0.0478011119425784,0.103497978512934,0.032672295067825,-0.0309291201234722
714,"09-Feb",-0.0575102304064452,0.0867062980578105,0.0191637814119232,-0.0168277335240305
722,"09-Feb",-0.0451982998913255,0.0841303111229066,0.0264726860314108,0.0138101739035516
729,"09-Feb",-0.00923485886066035,0.105889018716598,0.0486444063557665,0.047137260448026
736,"09-Feb",0.018609079196568,0.125239492830891,0.0723800416287203,0.081334705162347
744,"09-Feb",0.0363065434439847,0.140903493718693,0.0871119127938163,0.105633420900142
751,"09-Feb",0.0460549772105896,0.149960091549745,0.0960230243849098,0.121063265139896
759,"09-Feb",0.0444914294650101,0.151550958468797,0.097812822156421,0.129244499688508
766,"09-Feb",0.0664436465981726,0.177358610025471,0.11577767036243,0.139986727274483
773,"09-Feb",0.05396537888851,0.165867770780835,0.108847471395214,0.138124175681465
781,"09-Feb",0.0527842838252407,0.165289568776976,0.105144169056075,0.135527057568889
788,"09-Feb",0.0474481004861894,0.161759297016053,0.103641621516794,0.131449512677894
795,"09-Feb",0.04900110890348,0.164019841766563,0.104675745219156,0.132513988386587
803,"09-Feb",0.0468861309483455,0.160558593382428,0.0979732114145057,0.129396895120967
810,"09-Feb",0.0380894347787159,0.154040286549807,0.0919137506035998,0.124068683349084
818,"09-Feb",0.0370973795455798,0.152004989393502,0.0906238320418,0.123052437562283
825,"09-Feb",0.0376807486040899,0.152070906091621,0.092128445387478,0.121486038098819
832,"09-Feb",0.0375643620467531,0.152086233592261,0.0905483488129917,0.121047427014461
840,"09-Feb",0.0331768722141396,0.147661646242359,0.085003999809709,0.115710493794053
847,"09-Feb",0.0261556853330626,0.143256234072205,0.0825054574719552,0.117383487134693
398,"25-Feb",-0.100375252180867,0.110733542693235,0.00796494804503357,0.10222995325686
405,"25-Feb",-0.0206379560660086,0.154540497805742,0.0650969651217759,0.0242075125302911
412,"25-Feb",-0.0519022281901903,0.106567289840955,0.028649430949824,0.00288284162420777
420,"25-Feb",0.032897651619187,0.19974859929526,0.107841179589738,0.047341485253875
427,"25-Feb",0.0867824541943906,0.244784695836011,0.171178028043893,0.0922775739981281
434,"25-Feb",0.100910464919638,0.246329043845405,0.17482188477877,0.103573347636488
442,"25-Feb",0.111108358422155,0.254193961051826,0.179396018986099,0.120356747486341
449,"25-Feb",0.0807158160094626,0.224618439959342,0.148927640004767,0.119794082792712
457,"25-Feb",0.0856525025948772,0.229248918934058,0.157293433419929,0.102620268700626
464,"25-Feb",0.075225770405085,0.213236812225317,0.144521349238141,0.11519971181269
471,"25-Feb",0.0917066130731289,0.228693073927384,0.158160742833828,0.100197584495248
479,"25-Feb",0.0850136439538333,0.222578427046589,0.157052063526021,0.102069473045909
486,"25-Feb",0.0818351722609568,0.21806712054834,0.153205353814789,0.107164167011814
493,"25-Feb",0.0648786108616066,0.198740161216835,0.135951699886004,0.0955419499926209
501,"25-Feb",0.0539981412642929,0.189672592596773,0.125807360594674,0.0852334129047728
508,"25-Feb",0.0350077101407376,0.170625989271424,0.109514369543431,0.0729183070758284
515,"25-Feb",0.0333190554623275,0.160639150279697,0.0992734105794399,0.0663344860735122
523,"25-Feb",0.0211855770662155,0.14333493828297,0.0895624635356673,0.068687421941383
530,"25-Feb",0.0259505165137943,0.143995374514505,0.0904735034487714,0.0749690983152491
538,"25-Feb",0.0150598309366249,0.130201415328628,0.0759351299228397,0.0712280802918053
545,"25-Feb",0.00833879079678055,0.123763783884626,0.0683317428454429,0.0687398842613962
552,"25-Feb",0.0101129206724441,0.122085751611666,0.0686105197748277,0.057345648114874
560,"25-Feb",0.00373284947001492,0.119894986241774,0.0668517255629915,0.043316606370309
567,"25-Feb",-0.00145702020494472,0.11943183558519,0.0617510715607201,0.0145710950143921
574,"25-Feb",-0.00633186338725515,0.119035320527142,0.0580723095152449,0.00315644689127144
582,"25-Feb",-0.00916101235902375,0.117567482995459,0.0553148253853788,-0.00744732186504274
589,"25-Feb",-0.00195705150419228,0.125780356023953,0.0585289912866566,-0.0157397017997544
596,"25-Feb",-0.00723054046584519,0.122927604844516,0.0554712955895639,-0.0232568739351478
604,"25-Feb",-0.00538046100043493,0.127391682926679,0.0548829274482616,-0.0250819029128003
611,"25-Feb",-0.0176193316170636,0.116209848965274,0.0523954001187091,-0.0382685957482434
619,"25-Feb",-0.0052856080749518,0.130184414978366,0.0590032926438236,-0.0387819423809312
626,"25-Feb",-0.0227043697408493,0.115713384418457,0.0546311728193556,-0.0397459227055688
633,"25-Feb",-0.017208550864093,0.120800611769115,0.0538652732719514,-0.0506238298068047
641,"25-Feb",-0.00715058532063035,0.129704790943446,0.0601714919975113,-0.0454385795136905
648,"25-Feb",-0.00224432235161255,0.137224806194145,0.0759500298103503,-0.0338645204977644
655,"25-Feb",0.00910572777938996,0.146367137123515,0.0772770489341275,-0.0452717485381499
663,"25-Feb",0.0155934625016342,0.153586571153499,0.0842046593604456,-0.0426524464688211
670,"25-Feb",0.0214972345942824,0.162244702180874,0.0903472102576889,-0.0305846460883831
678,"25-Feb",0.0221751842579482,0.160783281787139,0.0918449040895294,-0.0286032486609833
685,"25-Feb",-0.00757999117326153,0.128585516440579,0.0579152264032158,-0.0716203690192058
692,"25-Feb",-0.050694360231449,0.0828673826741612,0.0144775874196558,-0.099846571175088
700,"25-Feb",-0.0713771347102094,0.045112292451795,-0.010016422684009,-0.0634455623812036
707,"25-Feb",-0.0747157273703856,0.0299542230203675,-0.0192584997800493,-0.000662537855304141
714,"25-Feb",-0.048083096670811,0.062667536140994,0.00313586438989404,0.0770244108734807
722,"25-Feb",-0.0159221961066379,0.10647888405807,0.042347080540436,0.150794318234986
729,"25-Feb",0.0161941718050553,0.152747978301043,0.080514184802894,0.215994201424238
736,"25-Feb",0.0563624178364441,0.201697377461879,0.127394576787535,0.267033051199648
744,"25-Feb",0.0834240465813491,0.22967341872734,0.152243849360438,0.302245659569743
751,"25-Feb",0.0952687748440577,0.239893744243703,0.166498197914019,0.319350160917386
759,"25-Feb",0.102046144466182,0.249965478608146,0.176939127121038,0.322710694471829
766,"25-Feb",0.11790887404587,0.269782373701565,0.190436342934195,0.327973835655187
773,"25-Feb",0.115717678461064,0.264683250192983,0.187906840595989,0.329871238859837
781,"25-Feb",0.111012329057795,0.257873611861867,0.184127732180689,0.329181780924581
788,"25-Feb",0.111461881780699,0.257535787888649,0.185329537571424,0.327827580556682
795,"25-Feb",0.116662667792562,0.260114245432059,0.182060304319169,0.325755793324809
803,"25-Feb",0.108794040794599,0.251613982968109,0.177577231283383,0.32276295676478
810,"25-Feb",0.105707562832848,0.248775327835373,0.173878246003588,0.320739633484944
818,"25-Feb",0.106302621144759,0.249833165767976,0.174231372068506,0.32133805284104
825,"25-Feb",0.110265771643683,0.252474407056693,0.172679737914676,0.31725283225865
832,"25-Feb",0.106591257268411,0.251095123689854,0.173781120022846,0.314938288966572
840,"25-Feb",0.100865679812062,0.242499670104327,0.169047521225489,0.316552085298398
847,"25-Feb",0.0962153516418769,0.23564185345167,0.165931109967097,0.313903875878503
398,"10-Mar",-0.31759768319609,-0.0801787731489652,-0.20075459763878,-0.0980247369140211
405,"10-Mar",-0.34715386319938,-0.15626117330067,-0.253013585510083,-0.211082549030646
412,"10-Mar",-0.378197862373654,-0.189918508006015,-0.286019863351848,-0.306449162058222
420,"10-Mar",-0.463181920544281,-0.273742198904676,-0.378002549999958,-0.369620360054709
427,"10-Mar",-0.456206997148095,-0.285629678179944,-0.37105953620733,-0.400081834006673
434,"10-Mar",-0.490145200886895,-0.313369159080861,-0.404834757341588,-0.435606890886423
442,"10-Mar",-0.491980532300735,-0.327628899360016,-0.415018014408791,-0.475813274739898
449,"10-Mar",-0.529823317954471,-0.367463432660163,-0.446421888305436,-0.4939727917928
457,"10-Mar",-0.520185104638254,-0.356176718552464,-0.443167452164356,-0.496553953065144
464,"10-Mar",-0.519857433554932,-0.359244730333472,-0.442675836863445,-0.503218129307911
471,"10-Mar",-0.5171956780449,-0.354762713774613,-0.44337905184545,-0.506429109170718
479,"10-Mar",-0.541929101262563,-0.382552932381373,-0.459743321836821,-0.51521831292007
486,"10-Mar",-0.555510259454861,-0.394767721983338,-0.467592879888062,-0.521580640665963
493,"10-Mar",-0.547182690369375,-0.387115185387515,-0.468861253168198,-0.523313757130727
501,"10-Mar",-0.549913397565123,-0.3916041929765,-0.469460074185027,-0.524173265340143
508,"10-Mar",-0.549673292352182,-0.392895089206628,-0.470258775941888,-0.529452945524767
515,"10-Mar",-0.551629935735267,-0.396796356208159,-0.471333082598636,-0.531617152006191
523,"10-Mar",-0.548511490178588,-0.391641870975747,-0.465775384909111,-0.524316846119612
530,"10-Mar",-0.533697192665866,-0.37806350268657,-0.460266861185918,-0.52207849204117
538,"10-Mar",-0.539535699622677,-0.381266908736442,-0.457209642281572,-0.520578387584318
545,"10-Mar",-0.52759392728526,-0.368664197395979,-0.45342678402266,-0.516568626566228
552,"10-Mar",-0.536320941044882,-0.37817088952816,-0.454132179027502,-0.516930757419073
560,"10-Mar",-0.539340828995176,-0.381413938319644,-0.460809550979705,-0.521611995533866
567,"10-Mar",-0.556122061168314,-0.396229923466128,-0.471585433939752,-0.529951943311285
574,"10-Mar",-0.556193327452204,-0.399450627116716,-0.483455940246618,-0.538474085463902
582,"10-Mar",-0.564831941284269,-0.407847851782984,-0.491477616817768,-0.543468298497355
589,"10-Mar",-0.565941431680754,-0.409577156399697,-0.495046044013474,-0.545983957471856
596,"10-Mar",-0.574403028941322,-0.41790069553856,-0.496480116671176,-0.546806607147065
604,"10-Mar",-0.570793880199127,-0.413381169643389,-0.501336633494232,-0.549737094854578
611,"10-Mar",-0.580477103840651,-0.424212615056006,-0.506364563001615,-0.551210974574642
619,"10-Mar",-0.588338668952947,-0.432225529957656,-0.510284586460537,-0.552344810802378
626,"10-Mar",-0.593902906861386,-0.438192621754823,-0.51672454591643,-0.557118145071258
633,"10-Mar",-0.599397938565282,-0.443858991849043,-0.519784919565609,-0.559755290914915
641,"10-Mar",-0.599929855001632,-0.442006835995814,-0.523546754114022,-0.558878143135022
648,"10-Mar",-0.598775856533394,-0.442847205938563,-0.525362853635005,-0.556160313254541
655,"10-Mar",-0.60007529048575,-0.443892970360873,-0.527953675217769,-0.558939805249596
663,"10-Mar",-0.60586471629576,-0.44792234777479,-0.53197264516034,-0.560576419513437
670,"10-Mar",-0.607100507835656,-0.45087712238191,-0.53550518838784,-0.562972571327305
678,"10-Mar",-0.609847313209701,-0.452471056195424,-0.536167047933197,-0.562026706319386
685,"10-Mar",-0.622485075370227,-0.466920641700964,-0.538372172321925,-0.564599774709199
692,"10-Mar",-0.613194665342827,-0.458164664902896,-0.532063860368768,-0.563351901339185
700,"10-Mar",-0.601976708561465,-0.448216706003276,-0.522807023879346,-0.557955318739172
707,"10-Mar",-0.576998098731283,-0.423162203107628,-0.504486386487861,-0.542563177975846
714,"10-Mar",-0.546894063404116,-0.394000608588272,-0.473983389953226,-0.519127669388025
722,"10-Mar",-0.486889173364373,-0.338068385292205,-0.413574516935814,-0.4724784632544
729,"10-Mar",-0.395345159625039,-0.253634464185124,-0.3188787549432,-0.405624041052616
736,"10-Mar",-0.277769062931794,-0.147110517258687,-0.206470177738504,-0.331450148061303
744,"10-Mar",-0.166562003040879,-0.0466954734473815,-0.100459152396484,-0.259501445216633
751,"10-Mar",-0.088777605008131,0.0278833250495339,-0.0345470548840814,-0.216885740255377
759,"10-Mar",-0.0623634938003035,0.05674197239948,-0.00292434986990345,-0.196657406076384
766,"10-Mar",-0.0228646109317102,0.0898431251042244,0.03349228160698,-0.165260147449466
773,"10-Mar",-0.0227479904056164,0.0958161611273267,0.0306403998176742,-0.16803458670534
781,"10-Mar",-0.0301524697006989,0.0878848549143777,0.0276827562019276,-0.171229232653883
788,"10-Mar",-0.0339001093318956,0.085253385524205,0.0235325997413748,-0.174372858578595
795,"10-Mar",-0.0336393029010802,0.0841536253837442,0.0211762356360404,-0.176188946217498
803,"10-Mar",-0.0395366314537791,0.077359759973766,0.015546943973208,-0.179323549879801
810,"10-Mar",-0.0537763642551815,0.0635787522312966,0.00657061943898849,-0.185917340994913
818,"10-Mar",-0.0513732047581421,0.0667446276734095,0.00905949458703593,-0.184705588020213
825,"10-Mar",-0.0508157714731865,0.0668689750326602,0.00661967658027528,-0.185385132793969
832,"10-Mar",-0.0599560643474898,0.0583891257199546,0.00337100209131888,-0.185364083337924
840,"10-Mar",-0.0612281260702583,0.0581963689035279,0.000754909057401364,-0.189676925121957
847,"10-Mar",-0.0647591439339746,0.056928433303871,-0.00493192417928357,-0.194081648164135
398,"15-Mar",-0.250791945967474,-0.0370539903508015,-0.145776143337963,-0.131321215215228
405,"15-Mar",-0.328668425454204,-0.127204019982409,-0.222883586098813,-0.324147509991033
412,"15-Mar",-0.395633770060659,-0.213265866529086,-0.301388901046976,-0.405646175975453
420,"15-Mar",-0.444484988790971,-0.257117153327635,-0.352645912282168,-0.463896859529547
427,"15-Mar",-0.459161382017143,-0.28632862081236,-0.364253875831387,-0.496463268600402
434,"15-Mar",-0.464717008817479,-0.305546772651159,-0.385282316468864,-0.526994445307879
442,"15-Mar",-0.453209083163576,-0.3071044122301,-0.382348990860631,-0.536110930563671
449,"15-Mar",-0.476590179543136,-0.327368344837777,-0.397441964779799,-0.548612708702792
457,"15-Mar",-0.480654416349995,-0.332254687382047,-0.404040509265469,-0.55268102370556
464,"15-Mar",-0.460468815590419,-0.311267418591693,-0.388467032652423,-0.548685684910618
471,"15-Mar",-0.470473272247941,-0.320316126210399,-0.399091772934634,-0.551290469942339
479,"15-Mar",-0.487545209277173,-0.336928552928396,-0.412729287867389,-0.55740479060643
486,"15-Mar",-0.495089560157695,-0.345311931031882,-0.418630856441321,-0.564622621913952
493,"15-Mar",-0.491463838405508,-0.343017053382516,-0.416985737916052,-0.563364938543485
501,"15-Mar",-0.489138783239609,-0.339598287656985,-0.415404100854421,-0.56194132469763
508,"15-Mar",-0.492828879040026,-0.342195593104581,-0.420304179643256,-0.559624551790998
515,"15-Mar",-0.500169166776425,-0.347465826398234,-0.424312806825311,-0.557550266234041
523,"15-Mar",-0.493543635457972,-0.339883273972759,-0.419589245488278,-0.548564001469698
530,"15-Mar",-0.488276835444958,-0.336299968019538,-0.412809253445548,-0.541734175915891
538,"15-Mar",-0.489879764677047,-0.336078762674796,-0.411804161335066,-0.538916156406763
545,"15-Mar",-0.490698291410863,-0.336214040937769,-0.412802286771411,-0.5367569111268
552,"15-Mar",-0.493376936880847,-0.339004622826396,-0.416110718866282,-0.537681684781449
560,"15-Mar",-0.494557476026781,-0.338789918379084,-0.421669638966276,-0.542527761859519
567,"15-Mar",-0.514068922800698,-0.358242677337496,-0.431929119437452,-0.550124695606682
574,"15-Mar",-0.51522766467993,-0.360453705328775,-0.438635604012298,-0.557806274024326
582,"15-Mar",-0.519960863704984,-0.367675391139078,-0.445025178996475,-0.563400653346163
589,"15-Mar",-0.528199676382915,-0.372617010792431,-0.44966844933632,-0.566579337161535
596,"15-Mar",-0.525031449390091,-0.371889533411601,-0.452839988873188,-0.568628622382056
604,"15-Mar",-0.532526717822854,-0.380060905181913,-0.458388216252174,-0.571969718838582
611,"15-Mar",-0.53885199264063,-0.38801276938442,-0.463469239816374,-0.575436204305583
619,"15-Mar",-0.539043769557097,-0.38781863834092,-0.467413865176536,-0.577235126959007
626,"15-Mar",-0.54481224850622,-0.395609535347805,-0.473111417854286,-0.580152660810551
633,"15-Mar",-0.54809698531376,-0.397264549718791,-0.477464278164936,-0.582403526287377
641,"15-Mar",-0.551256079429654,-0.401852106305954,-0.4817980609082,-0.585649335619467
648,"15-Mar",-0.555699705491205,-0.406723357701966,-0.486526497223806,-0.586146092905351
655,"15-Mar",-0.560500206284188,-0.41060374386162,-0.489963130596686,-0.5875027407596
663,"15-Mar",-0.567782181995049,-0.417932900576071,-0.493983772872697,-0.58868603462704
670,"15-Mar",-0.570527333439059,-0.423296617277162,-0.498739390207944,-0.589935149820689
678,"15-Mar",-0.575703573441214,-0.427128940187201,-0.50164993799515,-0.590229003309673
685,"15-Mar",-0.580689010483879,-0.43292464960949,-0.504461452062533,-0.590620361946983
692,"15-Mar",-0.575207666251539,-0.425049474703248,-0.500631615301548,-0.585303120747727
700,"15-Mar",-0.563527089997064,-0.414935924665818,-0.496208915727131,-0.577694554923537
707,"15-Mar",-0.555653723954318,-0.406458199976347,-0.484480995429694,-0.563297119160246
714,"15-Mar",-0.531314285845873,-0.382796711780314,-0.46041726610663,-0.542760707653839
722,"15-Mar",-0.490682168190937,-0.342377547287227,-0.413986213232286,-0.501686292766937
729,"15-Mar",-0.407346745538562,-0.264196018199252,-0.336796317369212,-0.442895994611779
736,"15-Mar",-0.307417069445094,-0.171132517376583,-0.236099083149823,-0.374859600517426
744,"15-Mar",-0.21072601195851,-0.0750121342344692,-0.136663151615238,-0.308799370759757
751,"15-Mar",-0.147153132467356,-0.00637448844162043,-0.0703871958894977,-0.261480376638263
759,"15-Mar",-0.117017023837759,0.0203138649115394,-0.0410591467955466,-0.236374033839145
766,"15-Mar",-0.0890907438722115,0.0472237784066893,-0.0194793015587499,-0.220252974695776
773,"15-Mar",-0.0751847558408053,0.0620226642451693,-0.00933344763143922,-0.215444967597007
781,"15-Mar",-0.0798010008730515,0.0545891686875181,-0.00921794773960184,-0.215356273432154
788,"15-Mar",-0.0795265337945756,0.0551022591577302,-0.012347182003236,-0.219442442928495
795,"15-Mar",-0.0895893195903031,0.0481437337330598,-0.0157340764019629,-0.221570322342843
803,"15-Mar",-0.0877400206427187,0.0502526799864665,-0.0191631114117767,-0.22277665665344
810,"15-Mar",-0.106023267697039,0.0325795913950447,-0.026084068037315,-0.223615311468318
818,"15-Mar",-0.0990706827139161,0.0374537695922547,-0.0322647985500949,-0.229598486754525
825,"15-Mar",-0.107634191890624,0.031088158667742,-0.035517158374669,-0.229586984941662
832,"15-Mar",-0.111830056314388,0.0283435052993463,-0.036528260292766,-0.229636399068699
840,"15-Mar",-0.112053519631577,0.0253721722314593,-0.0410128737787854,-0.231344650212582
847,"15-Mar",-0.113235621551075,0.0270375677915605,-0.0460350456491622,-0.233083372779131
398,"23-Mar",-0.433043651186173,-0.215142654347946,-0.325927543806669,-0.158386552275468
405,"23-Mar",-0.456772584978681,-0.250311225033422,-0.35857891850149,-0.232512965729092
412,"23-Mar",-0.479435558054111,-0.270007103688312,-0.373780124951487,-0.337897244791246
420,"23-Mar",-0.532492346346316,-0.338212200288895,-0.434351013687787,-0.408759251926294
427,"23-Mar",-0.524142365368327,-0.340690514644791,-0.427899558010391,-0.425529145151949
434,"23-Mar",-0.527186443065433,-0.3453884174194,-0.435673672012495,-0.433669503345299
442,"23-Mar",-0.529398718948126,-0.346537143895576,-0.432496823833237,-0.448862025294208
449,"23-Mar",-0.521621501616567,-0.332818414954112,-0.425995701489827,-0.452984466728052
457,"23-Mar",-0.520853343879961,-0.330604407238297,-0.428195647845907,-0.459565887037964
464,"23-Mar",-0.526396694191764,-0.33443976816148,-0.433851050860624,-0.465804969393979
471,"23-Mar",-0.531382031061649,-0.34205345386514,-0.437645430126952,-0.469804653055554
479,"23-Mar",-0.533871559795089,-0.344930867755927,-0.443382706672052,-0.473565478712313
486,"23-Mar",-0.532424650841829,-0.344193348284478,-0.441464909920085,-0.474623213926815
493,"23-Mar",-0.537802491758151,-0.348831972968849,-0.44328649768024,-0.474789980677881
501,"23-Mar",-0.54121059193864,-0.353097059787218,-0.446455126821855,-0.47493762066731
508,"23-Mar",-0.540673298557086,-0.354240803495197,-0.446169525538347,-0.471362598438425
515,"23-Mar",-0.542082846112529,-0.353884456575278,-0.445090171268893,-0.461642599820834
523,"23-Mar",-0.53653726139118,-0.349909680811472,-0.439495925463279,-0.450688406156431
530,"23-Mar",-0.528548711720218,-0.345119241170274,-0.432546520933267,-0.437258357879795
538,"23-Mar",-0.527446407922069,-0.34413435592097,-0.43102253575589,-0.433846086557285
545,"23-Mar",-0.522291733276112,-0.338633462445793,-0.428502062123236,-0.432229229700815
552,"23-Mar",-0.527826418418272,-0.344685984884715,-0.431087161200972,-0.434566071953858
560,"23-Mar",-0.532541877893696,-0.349358918839285,-0.436068837443908,-0.441258685748076
567,"23-Mar",-0.538735090439712,-0.352898098240864,-0.442328601250625,-0.451987023709149
574,"23-Mar",-0.545321328310483,-0.358584200229647,-0.44790229857646,-0.462516808092056
582,"23-Mar",-0.545254673560538,-0.358617905917545,-0.451070264968374,-0.469862455714351
589,"23-Mar",-0.544277427189472,-0.35910693440453,-0.454241299110271,-0.475705017178429
596,"23-Mar",-0.548932432254614,-0.362544536633018,-0.456369553457254,-0.479079673943694
604,"23-Mar",-0.54871832087487,-0.364742591827787,-0.458286768351353,-0.482267847332483
611,"23-Mar",-0.548787256501833,-0.364715481416962,-0.459124708253461,-0.48581967464253
619,"23-Mar",-0.552728058521774,-0.366731359381626,-0.459758215135211,-0.488271422795199
626,"23-Mar",-0.549641434961856,-0.364649929610789,-0.460215754315836,-0.490813307077502
633,"23-Mar",-0.559630408427014,-0.375598830134996,-0.462263598008934,-0.493011915280119
641,"23-Mar",-0.556153617203663,-0.371126258331266,-0.462392072678927,-0.495121171659959
648,"23-Mar",-0.560489312931039,-0.376142508300928,-0.463783992991564,-0.499020246309941
655,"23-Mar",-0.553388307134709,-0.368382111244919,-0.463069168290634,-0.500628223385895
663,"23-Mar",-0.550602107827126,-0.366006464603439,-0.461018193828411,-0.50112281164061
670,"23-Mar",-0.547485043965804,-0.364158272952551,-0.460003453449804,-0.501597436549351
678,"23-Mar",-0.548479788614981,-0.365041557047444,-0.460044190826374,-0.501893129484665
685,"23-Mar",-0.550644646660224,-0.367211395352374,-0.460711475721503,-0.501051474873753
692,"23-Mar",-0.557815210998123,-0.374755348297094,-0.465540482830603,-0.494904190666812
700,"23-Mar",-0.560466249194245,-0.381868584850958,-0.465569886425861,-0.480665651857014
707,"23-Mar",-0.541154953012909,-0.369580576099619,-0.453108532767727,-0.453101992035797
714,"23-Mar",-0.512150477402969,-0.345188059436889,-0.424905594409482,-0.414279158066012
722,"23-Mar",-0.448413438977541,-0.291472561204997,-0.361666627966876,-0.352613052806477
729,"23-Mar",-0.330171468479205,-0.186471222340418,-0.260435539120567,-0.273957591969313
736,"23-Mar",-0.213403700466008,-0.0878719593862533,-0.147437217493211,-0.198403568839794
744,"23-Mar",-0.116178661957714,-0.00388518629624587,-0.059208487662918,-0.138824985781835
751,"23-Mar",-0.0685763039980316,0.0487392146842682,-0.00962821414083069,-0.103685392985471
759,"23-Mar",-0.0488240373828151,0.0683795304799261,0.0118334683770995,-0.0865912401231861
766,"23-Mar",-0.0333414010596295,0.0827325655512704,0.0230809344770445,-0.0812883705685507
773,"23-Mar",-0.0324633219849822,0.0850042050084211,0.0288858282834764,-0.0769005668114776
781,"23-Mar",-0.03089604603428,0.0859623357789178,0.0295913809201327,-0.0784961162670089
788,"23-Mar",-0.0301613363339715,0.0898039165136218,0.0281853573890709,-0.0804516833501459
795,"23-Mar",-0.0338608318664562,0.0849004372791285,0.0267649096153262,-0.0826642918345037
803,"23-Mar",-0.0365631051546717,0.0827091932329064,0.0262264260413321,-0.0804676372528927
810,"23-Mar",-0.0440088244456157,0.0746340592405795,0.0196585996048405,-0.0835095072723216
818,"23-Mar",-0.0495890915633012,0.0707189545823756,0.0144432194658857,-0.0899420901455112
825,"23-Mar",-0.0482480497809236,0.0724801261988175,0.0128951712969022,-0.0934852500931253
832,"23-Mar",-0.0503668718388052,0.0693486098601339,0.0119345920357734,-0.0953134571787244
840,"23-Mar",-0.0542538476724246,0.0672133128373363,0.00955152093895905,-0.101053043364961
847,"23-Mar",-0.0551878721311455,0.0669605696723753,0.00648180510958912,-0.100714118373427
398,"26-Mar",-0.321691298423413,-0.0900881417995809,-0.210987052580827,-0.195798392343047
405,"26-Mar",-0.324531594536737,-0.132432220629786,-0.225574652090376,-0.298900744132011
412,"26-Mar",-0.480906667867671,-0.296130485291499,-0.386172006478252,-0.394531501199809
420,"26-Mar",-0.4660287885539,-0.289501295727525,-0.377145581011958,-0.4330795002686
427,"26-Mar",-0.474592643478278,-0.296649781468813,-0.389920266098033,-0.440874778750522
434,"26-Mar",-0.493478843376107,-0.310069838789235,-0.400856252548593,-0.455579863410506
442,"26-Mar",-0.486736552345475,-0.299913702859404,-0.399081710591359,-0.459765161032177
449,"26-Mar",-0.496581945463818,-0.311690272600731,-0.399898879941347,-0.453330127505963
457,"26-Mar",-0.498873764331754,-0.310372384968977,-0.407759895951399,-0.457280868922175
464,"26-Mar",-0.505769702455729,-0.31842711276033,-0.414536084742327,-0.456150109370932
471,"26-Mar",-0.517960062241031,-0.329146406402495,-0.420711244903741,-0.462933048968955
479,"26-Mar",-0.514364196867553,-0.324601954636723,-0.422912381245191,-0.470501343305554
486,"26-Mar",-0.517157483886572,-0.326582856299145,-0.425046048991449,-0.470726367009864
493,"26-Mar",-0.523046525217176,-0.335847005600015,-0.429656810492177,-0.471120766659686
501,"26-Mar",-0.519546950165245,-0.332500946738748,-0.43089588253864,-0.467760807185698
508,"26-Mar",-0.523685863213799,-0.335752616420315,-0.430875575888272,-0.459526251766716
515,"26-Mar",-0.513518796940466,-0.327867313281602,-0.42416497880224,-0.445010795678687
523,"26-Mar",-0.502278738066477,-0.317041936833412,-0.41214970154672,-0.424807251877402
530,"26-Mar",-0.492310201310216,-0.309358985412962,-0.404511212090647,-0.408578104757009
538,"26-Mar",-0.482605233985764,-0.301374501154954,-0.399114522455121,-0.399630612938939
545,"26-Mar",-0.488920826910928,-0.305571268700249,-0.397029606780387,-0.39526935256945
552,"26-Mar",-0.488117061742155,-0.305174418164742,-0.399459981836553,-0.397205571234174
560,"26-Mar",-0.497530775664204,-0.313742626806249,-0.408731077636034,-0.406205801546431
567,"26-Mar",-0.509787474197766,-0.327680767240564,-0.421012346667086,-0.419967467428879
574,"26-Mar",-0.519319432794468,-0.337740631908404,-0.431975380600189,-0.431992156721846
582,"26-Mar",-0.525711227859566,-0.346341828283937,-0.43972871319711,-0.4424599340495
589,"26-Mar",-0.532687310766897,-0.349437179058276,-0.445732940336757,-0.44833246295947
596,"26-Mar",-0.537035230071997,-0.356662136437751,-0.449468880038042,-0.452685204110989
604,"26-Mar",-0.545938867013392,-0.365240496180621,-0.45322438582827,-0.456549824473842
611,"26-Mar",-0.543977843883268,-0.362027572655354,-0.45649702646215,-0.461451411498302
619,"26-Mar",-0.548627149296882,-0.36979080273933,-0.459329434928886,-0.465616743229407
626,"26-Mar",-0.55361140181154,-0.373647672066576,-0.461597731599318,-0.468487698256901
633,"26-Mar",-0.563272127783691,-0.384515845404635,-0.464707326351334,-0.471138206640455
641,"26-Mar",-0.5622761017954,-0.384472804026227,-0.467742346826375,-0.476905052629078
648,"26-Mar",-0.560804361103841,-0.383192313667755,-0.470205117645475,-0.480554058923268
655,"26-Mar",-0.562091158156908,-0.38534485213653,-0.469426664510281,-0.481712644443543
663,"26-Mar",-0.561742364484537,-0.383729481931969,-0.469111402174093,-0.483409382533606
670,"26-Mar",-0.552535240792349,-0.375391447906003,-0.468674023748119,-0.48255411925649
678,"26-Mar",-0.555335405716178,-0.37753038271933,-0.468944912147413,-0.482153050812498
685,"26-Mar",-0.55510734881384,-0.378230516396644,-0.472135502750301,-0.479407958389936
692,"26-Mar",-0.558662883105555,-0.386690315214731,-0.471878383126472,-0.466591182890205
700,"26-Mar",-0.552858487425469,-0.378580914347294,-0.456538433656841,-0.435344616300709
707,"26-Mar",-0.516615005850932,-0.339293795942139,-0.42379635280537,-0.389814397780216
714,"26-Mar",-0.451736931859015,-0.279315094006336,-0.367994222444844,-0.333224972908948
722,"26-Mar",-0.366241713705125,-0.202107416092478,-0.274807255425502,-0.25692248731296
729,"26-Mar",-0.23954348269435,-0.0933136107447144,-0.162830311243375,-0.177237090567714
736,"26-Mar",-0.136043664409623,-0.0102307557221692,-0.0768654306793428,-0.117767234099701
744,"26-Mar",-0.0743913375343336,0.045185120286739,-0.0204967922317553,-0.0777257950536488
751,"26-Mar",-0.0529302704036546,0.0610635972895238,0.00389485897907827,-0.0627428953872378
759,"26-Mar",-0.0400869380652124,0.075549231694572,0.0160594063701012,-0.0566379937325511
766,"26-Mar",-0.0288282924440393,0.0872836459940715,0.029005269298915,-0.0417532586833178
773,"26-Mar",-0.0305118647391713,0.0870228010736762,0.0278622897527681,-0.0477062629796485
781,"26-Mar",-0.0328025719889711,0.0853990724263903,0.0286082780390724,-0.0487294845268573
788,"26-Mar",-0.0355141509264701,0.083368891398846,0.0268389808120028,-0.0492078841561255
795,"26-Mar",-0.035566917045095,0.0838906291211547,0.0263657041887101,-0.0493575595754936
803,"26-Mar",-0.0412459930880407,0.0800769401593848,0.0250129747785405,-0.0504970567149452
810,"26-Mar",-0.0357885064866992,0.0852500733928133,0.0196214893743074,-0.0559285283586698
818,"26-Mar",-0.038196589671765,0.0875265360816276,0.0194047253040184,-0.056318267170661
825,"26-Mar",-0.0504737090971235,0.0769423947180176,0.0174640816735574,-0.0599161355045748
832,"26-Mar",-0.0450029181007197,0.0801045166530776,0.0150062732403759,-0.0604592246796742
840,"26-Mar",-0.0493356014970165,0.0771788646618157,0.0140138741386665,-0.0644267217751013
847,"26-Mar",-0.056337361394492,0.0697600510940809,0.0142208426324297,-0.0701049653444395
398,"07-Apr",-0.0286979358099169,0.203222341859764,0.0843943130397753,0.0779593380520139
405,"07-Apr",0.0174255162310686,0.229049004475369,0.114238585271245,0.0552286127028747
412,"07-Apr",-0.00802999706624949,0.162407330090003,0.0769023587081718,0.105829822811088
420,"07-Apr",0.0914657466433192,0.265987754225192,0.178917134752732,0.150773213070322
427,"07-Apr",0.107079735643143,0.286700212022266,0.203317137653776,0.203977451071714
434,"07-Apr",0.133919722330635,0.347053187013636,0.247009397105116,0.224253048763334
442,"07-Apr",0.167544539665991,0.356686791688053,0.264540432185136,0.298705567293175
449,"07-Apr",0.164834863714621,0.346849319590936,0.25536403836741,0.271509232467753
457,"07-Apr",0.182856224070297,0.351811136477161,0.271527462271057,0.292239131412663
464,"07-Apr",0.192244916317222,0.365206248202707,0.281765738659643,0.315689937037689
471,"07-Apr",0.19067957631648,0.353721077392755,0.275131621040534,0.325394605551577
479,"07-Apr",0.161608312288829,0.31902477538807,0.240893278169775,0.3086407955985
486,"07-Apr",0.159813277819868,0.315917513605425,0.235483563869058,0.307111339743909
493,"07-Apr",0.15942403128332,0.313101349842122,0.234629463398897,0.309807844882259
501,"07-Apr",0.141963504437695,0.296012258615041,0.219425930493741,0.31652675893596
508,"07-Apr",0.139309733142729,0.288640998253349,0.217144175139929,0.318267359599675
515,"07-Apr",0.136560953810431,0.285563228797175,0.214138484152764,0.312865832728942
523,"07-Apr",0.124917123555903,0.273505032357567,0.20444998668647,0.303924848026698
530,"07-Apr",0.12504576806322,0.270814457569194,0.196587474343374,0.300567720415145
538,"07-Apr",0.121177281100801,0.265269923308682,0.192342394267508,0.29972122991163
545,"07-Apr",0.12284110385599,0.264449901210365,0.192994277672686,0.296592711991674
552,"07-Apr",0.120855944994696,0.265437085822316,0.195992398059497,0.295303554957893
560,"07-Apr",0.131146098304642,0.270855933011682,0.199405669075921,0.299272297461572
567,"07-Apr",0.133956327812836,0.274386900771055,0.20346176935108,0.296748191294444
574,"07-Apr",0.137316382347341,0.278210266024267,0.204251452442134,0.301198518413859
582,"07-Apr",0.137045058831381,0.279315082494688,0.2076809109233,0.306783166225673
589,"07-Apr",0.139043444445437,0.282221442502301,0.204389597886124,0.300042772065274
596,"07-Apr",0.138798801758217,0.279895803553514,0.207575041630074,0.300919900345088
604,"07-Apr",0.138035694054967,0.282473192206588,0.212696882163353,0.306329036360184
611,"07-Apr",0.147235290245276,0.287082686495122,0.215906274316431,0.307667445570093
619,"07-Apr",0.141934105302326,0.28854493398299,0.217029118016788,0.306162414046908
626,"07-Apr",0.140132264937839,0.285212734355543,0.214204167060482,0.302096527396987
633,"07-Apr",0.134435532839696,0.281772225048877,0.212659282743622,0.302815869286954
641,"07-Apr",0.134682492162633,0.283883909780533,0.212120092871367,0.297395642198622
648,"07-Apr",0.131825384941943,0.279276667860161,0.205931614873866,0.29197904950032
655,"07-Apr",0.131163824197815,0.283652866476469,0.205670164214323,0.2939004410265
663,"07-Apr",0.134150472775657,0.287627151856026,0.206909421857319,0.290979700427258
670,"07-Apr",0.134607392286965,0.289556270006795,0.206343384643275,0.289413482729812
678,"07-Apr",0.129202359076845,0.283611421336202,0.206082212392306,0.290649608709565
685,"07-Apr",0.131532738385895,0.284367413150556,0.207968520667114,0.286686351891897
692,"07-Apr",0.140070013903283,0.291375705597317,0.215463591267404,0.284710265822498
700,"07-Apr",0.149378815713875,0.29690335676786,0.22220756497651,0.288548673468574
707,"07-Apr",0.159103744594501,0.299586144563731,0.225246427281607,0.287103028437343
714,"07-Apr",0.148667323159818,0.285861535707673,0.213078806143651,0.268256236228394
722,"07-Apr",0.131188917474095,0.262595605663723,0.19625925333425,0.242635914012669
729,"07-Apr",0.127194557066882,0.255368849671289,0.193491422864471,0.238880808678102
736,"07-Apr",0.131262979122523,0.257603456331283,0.197454523518259,0.247068915835901
744,"07-Apr",0.135762795678599,0.260750686711666,0.200792551562812,0.248357550396308
751,"07-Apr",0.139695916896115,0.267755432621471,0.205244949969245,0.251315563787705
759,"07-Apr",0.118634423966633,0.246674407645867,0.183189750716184,0.22982320156596
766,"07-Apr",0.130323106493946,0.260081374296005,0.195546593493682,0.235558195522397
773,"07-Apr",0.146162095232102,0.274492085154668,0.209731437717742,0.249520056307181
781,"07-Apr",0.136244133437822,0.266592209622459,0.208110941596849,0.246215524704966
788,"07-Apr",0.148770487259826,0.280075401795587,0.210189948754088,0.245206720502199
795,"07-Apr",0.150087294023453,0.281234907132408,0.212830078129975,0.24269026629241
803,"07-Apr",0.149376415186589,0.278215001206388,0.213177838956308,0.238056257153487
810,"07-Apr",0.145571897174825,0.275512847750725,0.205370110313495,0.222205914929111
818,"07-Apr",0.142229261350512,0.270618796601369,0.203387085946317,0.22329892191681
825,"07-Apr",0.142696010835547,0.274908267834728,0.212131586651747,0.225696676780265
832,"07-Apr",0.151311010856684,0.285780401063915,0.215457091635435,0.232175842988994
840,"07-Apr",0.155119756713911,0.291922222611008,0.222207416916497,0.243125522168535
847,"07-Apr",0.15880789892359,0.292937756521403,0.22686033371921,0.24363007791342
