"File","X","Method","p","seed","G_RMSE_var","G_RMSE_G","G_cor_covs","R_RMSE_var","R_RMSE_G","R_cor_covs"
"Results_G_accuracy_At_1001/G_accuracy_201.csv",1,"MTG2",4,201,0.0585818191604172,0.0910064985135612,0.632073302391889,0.0717818930899485,0.0410715773144552,0.804202288369023
"Results_G_accuracy_At_1001/G_accuracy_201.csv",2,"MCMCglmm",4,201,0.0775516052724126,0.0721449260815688,0.709067532426253,0.0809825955240444,0.0334001922751723,0.927690879190646
"Results_G_accuracy_At_1001/G_accuracy_201.csv",3,"phenix",4,201,0.0608403583798091,0.0772835542741422,0.684527126180728,0.0728658617355011,0.0323846179410672,0.839886543532549
"Results_G_accuracy_At_1001/G_accuracy_201.csv",4,"MegaLMM",4,201,0.0572004994175188,0.0481066412926529,0.83187005409548,0.0668695589910075,0.0283065509918496,0.909540265938312
"Results_G_accuracy_At_1001/G_accuracy_201.csv",5,"MTG2",8,201,0.061020142735087,0.0850555609456534,0.622124951281035,0.0694592331528,0.0564149100947294,0.798370619344875
"Results_G_accuracy_At_1001/G_accuracy_201.csv",6,"MCMCglmm",8,201,0.0883644104495751,0.0614283152526791,0.687841252449793,0.0889336283176049,0.043221881875888,0.851924359551435
"Results_G_accuracy_At_1001/G_accuracy_201.csv",7,"phenix",8,201,0.0531424955591113,0.0826085828945706,0.638908640818556,0.0685798828613068,0.0539821065653902,0.801478809298975
"Results_G_accuracy_At_1001/G_accuracy_201.csv",8,"MegaLMM",8,201,0.06002819897833,0.0671246975616516,0.552058498865148,0.0702365374959384,0.0543338144138723,0.761101547297867
"Results_G_accuracy_At_1001/G_accuracy_201.csv",9,"MTG2",16,201,0.0793376767817328,0.0671911371741627,0.675033035736887,0.07503176709144,0.0481160091647604,0.808298034405433
"Results_G_accuracy_At_1001/G_accuracy_201.csv",10,"MCMCglmm",16,201,0.117306489583043,0.0494884741487972,0.797199821851606,0.102072935501992,0.0364592912122891,0.884990608016903
"Results_G_accuracy_At_1001/G_accuracy_201.csv",11,"phenix",16,201,0.0765446804123866,0.067408254474383,0.760783492290683,0.0783996788049432,0.0474430451256678,0.850115019032761
"Results_G_accuracy_At_1001/G_accuracy_201.csv",12,"MegaLMM",16,201,0.0765378377902532,0.0506428359951216,0.771666354523634,0.0557698214254298,0.0393003478938597,0.864743803782351
"Results_G_accuracy_At_1001/G_accuracy_201.csv",13,"MTG2",32,201,0.116802406450457,0.0623076975436784,0.555518082360896,0.133731587754188,0.058840750338613,0.691147580351341
"Results_G_accuracy_At_1001/G_accuracy_201.csv",14,"MCMCglmm",32,201,0.185638983140957,0.0487952032350016,0.763483795193107,0.144023657085901,0.0352862064990551,0.897557271782887
"Results_G_accuracy_At_1001/G_accuracy_201.csv",15,"phenix",32,201,0.0826290963634957,0.0616936830107601,0.753658410613666,0.0856023759077887,0.0421207470612291,0.868584730199574
"Results_G_accuracy_At_1001/G_accuracy_201.csv",16,"MegaLMM",32,201,0.0821766137708011,0.048827914679097,0.757101922882971,0.0655400352597736,0.0359335565488336,0.891871980506419
"Results_G_accuracy_At_1001/G_accuracy_201.csv",17,"MTG2",64,201,0.166671999238071,0.0676935545721079,0.285210799758342,0.202829761250574,0.0793087238460238,0.432642320538149
"Results_G_accuracy_At_1001/G_accuracy_201.csv",18,"MCMCglmm",64,201,0.30051145099237,0.0465446143042626,0.756482588499495,0.175141155934738,0.0379127898830339,0.903889241683948
"Results_G_accuracy_At_1001/G_accuracy_201.csv",19,"phenix",64,201,0.135351606888247,0.0625582340640155,0.741238622129384,0.0792698936693472,0.0424363980658797,0.87240252282699
"Results_G_accuracy_At_1001/G_accuracy_201.csv",20,"MegaLMM",64,201,0.0776281816189166,0.0404095112206303,0.820119494482649,0.0573738708858683,0.0356305838588556,0.911924342644559
"Results_G_accuracy_At_1001/G_accuracy_201.csv",21,"phenix",128,201,0.291351674668001,0.0753075429573106,0.762128441975315,0.0894503751281643,0.0424730488051845,0.880391274030039
"Results_G_accuracy_At_1001/G_accuracy_201.csv",22,"MegaLMM",128,201,0.0758430060206877,0.0389010992537532,0.869429437504672,0.0560681998827545,0.0333508431165643,0.928374832166871
"Results_G_accuracy_At_1001/G_accuracy_202.csv",1,"MTG2",4,202,0.113691955925459,0.0807978462136075,0.905462846717239,0.0629874811884264,0.0489120575333578,0.857695537147638
"Results_G_accuracy_At_1001/G_accuracy_202.csv",2,"MCMCglmm",4,202,0.167878613824234,0.0527276933368957,0.856905488279877,0.111361501884588,0.0273647578182821,0.905342853833813
"Results_G_accuracy_At_1001/G_accuracy_202.csv",3,"phenix",4,202,0.101339357651675,0.0808386152111828,0.894559062345588,0.0734044516309025,0.0484426321161471,0.847349287353268
"Results_G_accuracy_At_1001/G_accuracy_202.csv",4,"MegaLMM",4,202,0.101178929698758,0.0355081177405666,0.100580231674484,0.0558068285032434,0.0506595713526559,0.612981604962543
"Results_G_accuracy_At_1001/G_accuracy_202.csv",5,"MTG2",8,202,0.112048793410273,0.0689391701354548,0.48475848247418,0.0671134125264465,0.0523870994585751,0.863934530032365
"Results_G_accuracy_At_1001/G_accuracy_202.csv",6,"MCMCglmm",8,202,0.187927615440058,0.0453859086375013,0.50771795026875,0.0993720221945099,0.0344096390607782,0.927852007694634
"Results_G_accuracy_At_1001/G_accuracy_202.csv",7,"phenix",8,202,0.0921311161810543,0.0672380855348685,0.494693565345497,0.0795945465480879,0.0495541923621098,0.875840499923594
"Results_G_accuracy_At_1001/G_accuracy_202.csv",8,"MegaLMM",8,202,0.0991508623472737,0.0356250341213254,0.218912874257502,0.0665683927427872,0.0366012228919142,0.91749027282771
"Results_G_accuracy_At_1001/G_accuracy_202.csv",9,"MTG2",16,202,0.108665007334563,0.0512657624420984,0.560770938784947,0.126370492287164,0.0552522874319662,0.834485053563228
"Results_G_accuracy_At_1001/G_accuracy_202.csv",10,"MCMCglmm",16,202,0.24843884130899,0.0418375766586902,0.59422626732068,0.113359278246503,0.0340402241732417,0.936995690254834
"Results_G_accuracy_At_1001/G_accuracy_202.csv",11,"phenix",16,202,0.087722004555841,0.0595248988300595,0.639306421438379,0.0747864056147159,0.0426531523933273,0.921749274333842
"Results_G_accuracy_At_1001/G_accuracy_202.csv",12,"MegaLMM",16,202,0.0921859540043662,0.036139026938773,0.523891680438371,0.0617279512023147,0.0405690874334386,0.911831766062548
"Results_G_accuracy_At_1001/G_accuracy_202.csv",13,"MTG2",32,202,0.126164723064535,0.0430319459781351,0.476066752541719,0.21540962329239,0.081340620496091,0.628747422043724
"Results_G_accuracy_At_1001/G_accuracy_202.csv",14,"MCMCglmm",32,202,0.282293974315195,0.0464435646598026,0.545301140935533,0.111555701201224,0.035538102949263,0.938919292806432
"Results_G_accuracy_At_1001/G_accuracy_202.csv",15,"phenix",32,202,0.0955556657983951,0.0624003426661039,0.614960274423743,0.0639208495626438,0.0432118664479312,0.906063326027481
"Results_G_accuracy_At_1001/G_accuracy_202.csv",16,"MegaLMM",32,202,0.0797173882611062,0.0387368608049444,0.588863545953194,0.0440186812746591,0.0364708007084761,0.931985776437406
"Results_G_accuracy_At_1001/G_accuracy_202.csv",17,"MTG2",64,202,0.174437826274774,0.0497487399695183,0.306370841667055,0.240077897159022,0.0931444152679568,0.421717545688082
"Results_G_accuracy_At_1001/G_accuracy_202.csv",18,"MCMCglmm",64,202,0.342162516842389,0.0453868361454563,0.596206435038852,0.160723062170632,0.0360641759498979,0.940468919969135
"Results_G_accuracy_At_1001/G_accuracy_202.csv",19,"phenix",64,202,0.159530871060318,0.0649235792821142,0.63337051294745,0.0772304497214045,0.0422331215978729,0.90649077818926
"Results_G_accuracy_At_1001/G_accuracy_202.csv",20,"MegaLMM",64,202,0.0770385151934553,0.0354624133575396,0.731341322167628,0.0542279398383245,0.0344141389872617,0.938173002687306
"Results_G_accuracy_At_1001/G_accuracy_202.csv",21,"phenix",128,202,0.324830642067785,0.0861976350383752,0.622262141481245,0.0981019710840646,0.0435463923185443,0.88818459522937
"Results_G_accuracy_At_1001/G_accuracy_202.csv",22,"MegaLMM",128,202,0.0697421659594296,0.0363106447862186,0.812753891868475,0.0613532012486746,0.034062302141383,0.932978373767432
"Results_G_accuracy_At_1001/G_accuracy_203.csv",1,"MTG2",4,203,0.178210557514299,0.116306563745077,-0.714523529385206,0.0862813760886226,0.0762713392409549,0.717684638216937
"Results_G_accuracy_At_1001/G_accuracy_203.csv",2,"MCMCglmm",4,203,0.124030352143809,0.0512043993772045,-0.55867069210783,0.0610057354261166,0.0270340557488781,0.931148684335539
"Results_G_accuracy_At_1001/G_accuracy_203.csv",3,"phenix",4,203,0.14436948059742,0.116890453644219,-0.703709567636127,0.128619902473234,0.0764502978226844,0.748191415519455
"Results_G_accuracy_At_1001/G_accuracy_203.csv",4,"MegaLMM",4,203,0.11253444539891,0.034357628775358,-0.0569667816656629,0.0553755757234984,0.0432944223414055,0.93161351011462
"Results_G_accuracy_At_1001/G_accuracy_203.csv",5,"MTG2",8,203,0.144115268843037,0.0633086141526218,0.778507450045178,0.0782209501315091,0.0393093369616539,0.894443229955046
"Results_G_accuracy_At_1001/G_accuracy_203.csv",6,"MCMCglmm",8,203,0.164235972663892,0.0373342663596213,0.854178797381555,0.0952060763570695,0.0325132129713998,0.897054870367567
"Results_G_accuracy_At_1001/G_accuracy_203.csv",7,"phenix",8,203,0.0986640305227156,0.0587208314632375,0.803185990572752,0.0932062114177038,0.0363873661394108,0.902301193320344
"Results_G_accuracy_At_1001/G_accuracy_203.csv",8,"MegaLMM",8,203,0.127749498009257,0.0450809449760861,0.691282607405,0.0801105887207332,0.0369489786517233,0.889600038552123
"Results_G_accuracy_At_1001/G_accuracy_203.csv",9,"MTG2",16,203,0.102314967747377,0.0573434528568757,0.638549592884125,0.10543797620221,0.0525806544491282,0.828810640294975
"Results_G_accuracy_At_1001/G_accuracy_203.csv",10,"MCMCglmm",16,203,0.201212094199991,0.0428671244618805,0.726084939998405,0.0987007003652773,0.0428686463384843,0.891440623205059
"Results_G_accuracy_At_1001/G_accuracy_203.csv",11,"phenix",16,203,0.0859614664666734,0.0621501852191293,0.689034499820362,0.0770886716668361,0.0477994905490479,0.889621019895953
"Results_G_accuracy_At_1001/G_accuracy_203.csv",12,"MegaLMM",16,203,0.0992961071682104,0.0399281590524084,0.707592280682672,0.0729064477284352,0.0456915309655263,0.87782447824417
"Results_G_accuracy_At_1001/G_accuracy_203.csv",13,"MTG2",32,203,0.146941030386677,0.0600677579223752,0.498050779674612,0.201417758961975,0.0848883356480922,0.60779012556314
"Results_G_accuracy_At_1001/G_accuracy_203.csv",14,"MCMCglmm",32,203,0.257824948503366,0.0496703674794767,0.721983014016383,0.11133109793312,0.0443305410948384,0.902343706047046
"Results_G_accuracy_At_1001/G_accuracy_203.csv",15,"phenix",32,203,0.124413926851676,0.0679475592712817,0.727996397992058,0.0758276264995687,0.0476185522374038,0.878038764238585
"Results_G_accuracy_At_1001/G_accuracy_203.csv",16,"MegaLMM",32,203,0.0967994787814795,0.0479696553481932,0.728830922622431,0.0686762297822362,0.0457899162415355,0.893650329397322
"Results_G_accuracy_At_1001/G_accuracy_203.csv",17,"MTG2",64,203,0.168322217365042,0.0707479534667298,0.319587260796979,0.212893734620338,0.085232643151462,0.406604337694366
"Results_G_accuracy_At_1001/G_accuracy_203.csv",18,"MCMCglmm",64,203,0.311589154181304,0.0496697425261965,0.748407120035438,0.155671793930401,0.0409270509987101,0.902470546932899
"Results_G_accuracy_At_1001/G_accuracy_203.csv",19,"phenix",64,203,0.180301617243974,0.0702104005401085,0.741313214982434,0.0875700736101057,0.0469750937781095,0.859835642055562
"Results_G_accuracy_At_1001/G_accuracy_203.csv",20,"MegaLMM",64,203,0.0895116574923925,0.0467774195034252,0.779314732610006,0.0708822097303844,0.0399329864719511,0.901170453515644
"Results_G_accuracy_At_1001/G_accuracy_203.csv",21,"phenix",128,203,0.345838867181485,0.0851061458226387,0.714685934605214,0.117320753252995,0.0478324887699262,0.845783015134914
"Results_G_accuracy_At_1001/G_accuracy_203.csv",22,"MegaLMM",128,203,0.0924917292633061,0.0412567107664986,0.832821623008998,0.0728123483394011,0.0378586722353263,0.90995943259946
"Results_G_accuracy_At_1001/G_accuracy_204.csv",1,"MTG2",4,204,0.0689208810082644,0.0616131437619538,0.0620277416955928,0.0289061719797609,0.0523219265332327,0.885611713545756
"Results_G_accuracy_At_1001/G_accuracy_204.csv",2,"MCMCglmm",4,204,0.141710150091812,0.0326193019921986,-0.0949997400272913,0.102486278773967,0.0458491562170093,0.889640374826174
"Results_G_accuracy_At_1001/G_accuracy_204.csv",3,"phenix",4,204,0.0561834252886785,0.0567979004897656,0.0520455051184932,0.0529540176456905,0.0507958367732269,0.883358683279321
"Results_G_accuracy_At_1001/G_accuracy_204.csv",4,"MegaLMM",4,204,0.0503292977229875,0.0166127323129384,0.469638577944907,0.0422777932556395,0.0407355150995859,0.929864571562728
"Results_G_accuracy_At_1001/G_accuracy_204.csv",5,"MTG2",8,204,0.0970350485405005,0.0743415249070013,0.445040360868618,0.0666025125520818,0.0657001260843107,0.802349937726425
"Results_G_accuracy_At_1001/G_accuracy_204.csv",6,"MCMCglmm",8,204,0.15950092894309,0.0493430466689265,0.559488002902368,0.0959285392219042,0.0475313125674784,0.898958571549658
"Results_G_accuracy_At_1001/G_accuracy_204.csv",7,"phenix",8,204,0.0537589467598655,0.0691245900001267,0.47413171849969,0.0542139661952905,0.0576720680364244,0.850634267302917
"Results_G_accuracy_At_1001/G_accuracy_204.csv",8,"MegaLMM",8,204,0.076801060549276,0.0400196010508743,0.340834619476143,0.0493076176618782,0.0406741327148884,0.95060152644203
"Results_G_accuracy_At_1001/G_accuracy_204.csv",9,"MTG2",16,204,0.0932669229780054,0.0515131992523781,0.639505382105183,0.154304115416278,0.0725162947026586,0.798869734517462
"Results_G_accuracy_At_1001/G_accuracy_204.csv",10,"MCMCglmm",16,204,0.213201513475399,0.0481936730428986,0.65145322011504,0.114524538435694,0.0421595080698127,0.932254462722085
"Results_G_accuracy_At_1001/G_accuracy_204.csv",11,"phenix",16,204,0.0767093023302448,0.0651827288735607,0.652335828693353,0.0759517078549114,0.052803864408975,0.886291516787885
"Results_G_accuracy_At_1001/G_accuracy_204.csv",12,"MegaLMM",16,204,0.0865162533456937,0.0458407846942176,0.607891873214521,0.0661159076761424,0.0413820250770056,0.940181864235556
"Results_G_accuracy_At_1001/G_accuracy_204.csv",13,"MTG2",32,204,0.133492589379036,0.0614270543737031,0.527638016105413,0.20704205427096,0.0847844462155013,0.653936191213846
"Results_G_accuracy_At_1001/G_accuracy_204.csv",14,"MCMCglmm",32,204,0.261981584107145,0.0478383470868816,0.760762753258884,0.12600571016522,0.0425443887953911,0.922409629953356
"Results_G_accuracy_At_1001/G_accuracy_204.csv",15,"phenix",32,204,0.0895316114785896,0.0574521878242205,0.783755984960023,0.0747964672189078,0.0477729989866123,0.892254339671993
"Results_G_accuracy_At_1001/G_accuracy_204.csv",16,"MegaLMM",32,204,0.0897825761561096,0.0396873180634091,0.834764160593819,0.0747100651402279,0.038613595289827,0.932200822321827
"Results_G_accuracy_At_1001/G_accuracy_204.csv",17,"MTG2",64,204,0.189382376252973,0.0679651553805734,0.276315660311735,0.236830997591904,0.0909149309491501,0.395415811628096
"Results_G_accuracy_At_1001/G_accuracy_204.csv",18,"MCMCglmm",64,204,0.33103131958024,0.0464216065772441,0.756086850791114,0.162300718399866,0.0412004389353021,0.91200412079739
"Results_G_accuracy_At_1001/G_accuracy_204.csv",19,"phenix",64,204,0.162682778577088,0.0640954194038828,0.747854901235175,0.0729655304298925,0.0452375566098876,0.883306209386237
"Results_G_accuracy_At_1001/G_accuracy_204.csv",20,"MegaLMM",64,204,0.0804146274752147,0.0377150742003483,0.846695462457579,0.064388324723143,0.0361696615524861,0.929583942230042
"Results_G_accuracy_At_1001/G_accuracy_204.csv",21,"phenix",128,204,0.304399324577022,0.0789904526481699,0.718634137801705,0.092728870711398,0.0449362116799056,0.88480602416899
"Results_G_accuracy_At_1001/G_accuracy_204.csv",22,"MegaLMM",128,204,0.0785956486654016,0.0372310903413325,0.864557019914887,0.0645028864530048,0.0361853074172243,0.931863357285849
"Results_G_accuracy_At_1001/G_accuracy_205.csv",1,"MTG2",4,205,0.125556961497274,0.0479914597477851,0.803652216826259,0.118013844845011,0.0576117840144725,0.881157752293041
"Results_G_accuracy_At_1001/G_accuracy_205.csv",2,"MCMCglmm",4,205,0.194532044016219,0.0366398151017241,0.800076076930462,0.145347138137615,0.0429871647167103,0.900819525860189
"Results_G_accuracy_At_1001/G_accuracy_205.csv",3,"phenix",4,205,0.123620962267694,0.0467988611997411,0.80296027258222,0.1248083098596,0.0579081023614099,0.873344243369172
"Results_G_accuracy_At_1001/G_accuracy_205.csv",4,"MegaLMM",4,205,0.134297970156414,0.0522680385338604,0.592274462232992,0.118619501908282,0.0504318075465534,0.805477231174806
"Results_G_accuracy_At_1001/G_accuracy_205.csv",5,"MTG2",8,205,0.141578088715985,0.0701570727277714,0.605603409815357,0.124233553866998,0.0556425116712428,0.818779283183892
"Results_G_accuracy_At_1001/G_accuracy_205.csv",6,"MCMCglmm",8,205,0.177106536960001,0.0528280699486573,0.668446694442124,0.123837845403869,0.0408695001023443,0.86059282077229
"Results_G_accuracy_At_1001/G_accuracy_205.csv",7,"phenix",8,205,0.130449627307968,0.0673516479163513,0.653992760269792,0.131046465577627,0.0537502364633882,0.829494253612664
"Results_G_accuracy_At_1001/G_accuracy_205.csv",8,"MegaLMM",8,205,0.124571510556612,0.0533040060860302,0.675794597996214,0.111701772807721,0.0403268424198949,0.838894453540117
"Results_G_accuracy_At_1001/G_accuracy_205.csv",9,"MTG2",16,205,0.121335609918588,0.059346498711448,0.683869025852968,0.123941046210977,0.0498174936853348,0.794660662829123
"Results_G_accuracy_At_1001/G_accuracy_205.csv",10,"MCMCglmm",16,205,0.191305850159717,0.0504732029813493,0.766347361248628,0.116352081398337,0.0413942241495553,0.864683687004594
"Results_G_accuracy_At_1001/G_accuracy_205.csv",11,"phenix",16,205,0.102455797670151,0.0626924911601133,0.758007500305187,0.0992964411147377,0.0498854700135552,0.830427949777742
"Results_G_accuracy_At_1001/G_accuracy_205.csv",12,"MegaLMM",16,205,0.129045837394484,0.0577947311814552,0.676314005447602,0.0987617021892483,0.04091848795833,0.869220242711042
"Results_G_accuracy_At_1001/G_accuracy_205.csv",13,"MTG2",32,205,0.130263489471979,0.0621745024460258,0.552888434119305,0.161318025036953,0.0635509817712922,0.646996492390545
"Results_G_accuracy_At_1001/G_accuracy_205.csv",14,"MCMCglmm",32,205,0.224982236647812,0.0470639595735431,0.775916519600603,0.137368418115164,0.0372623921954676,0.883614308513662
"Results_G_accuracy_At_1001/G_accuracy_205.csv",15,"phenix",32,205,0.091827762168428,0.0558240309635398,0.796871101994132,0.0777753435111153,0.0419951557054201,0.866499520118545
"Results_G_accuracy_At_1001/G_accuracy_205.csv",16,"MegaLMM",32,205,0.103695148236511,0.0506160713514108,0.738156460549912,0.0799345142908108,0.0391050053545858,0.870064904904274
"Results_G_accuracy_At_1001/G_accuracy_205.csv",17,"MTG2",64,205,0.177432704003187,0.0761704186677492,0.33129679601839,0.18891891538372,0.0696147738942572,0.426678650502328
"Results_G_accuracy_At_1001/G_accuracy_205.csv",18,"MCMCglmm",64,205,0.281808552323125,0.0503419144379212,0.78534206558448,0.188379151781078,0.0367988560619406,0.878240330769962
"Results_G_accuracy_At_1001/G_accuracy_205.csv",19,"phenix",64,205,0.142856764237598,0.0619345264756599,0.78998173361921,0.0744956374803188,0.0388276380685578,0.865409126184382
"Results_G_accuracy_At_1001/G_accuracy_205.csv",20,"MegaLMM",64,205,0.0896128426791373,0.043063192645042,0.85191364075808,0.0675181345126406,0.0319789326982923,0.909272798012637
"Results_G_accuracy_At_1001/G_accuracy_205.csv",21,"phenix",128,205,0.295835229114258,0.0740294896840779,0.758336621129438,0.0867646497360438,0.0391809446130997,0.865817210758936
"Results_G_accuracy_At_1001/G_accuracy_205.csv",22,"MegaLMM",128,205,0.0818104584359964,0.0433708841721677,0.840110409439541,0.0600739878139395,0.0314961045939975,0.916138191534133
"Results_G_accuracy_At_1001/G_accuracy_206.csv",1,"MTG2",4,206,0.0974428025298851,0.0757794965680098,0.809899299562171,0.0916632326438885,0.0503174736094451,0.65553650043098
"Results_G_accuracy_At_1001/G_accuracy_206.csv",2,"MCMCglmm",4,206,0.0868534173001282,0.058347492549427,0.878052309810188,0.0728878569068606,0.0519496764860624,0.56734422853248
"Results_G_accuracy_At_1001/G_accuracy_206.csv",3,"phenix",4,206,0.083051948796798,0.0661757223405327,0.86357371700582,0.0896167155270307,0.0474967003751357,0.645797685212499
"Results_G_accuracy_At_1001/G_accuracy_206.csv",4,"MegaLMM",4,206,0.0919595211109991,0.0781419393813968,0.92433623055948,0.0735733705235889,0.061098665043069,0.148069561821932
"Results_G_accuracy_At_1001/G_accuracy_206.csv",5,"MTG2",8,206,0.0982084673589082,0.079826922079647,0.735067619363581,0.0944029126738931,0.0687714065976622,0.824345596941868
"Results_G_accuracy_At_1001/G_accuracy_206.csv",6,"MCMCglmm",8,206,0.124475417038231,0.047359297179895,0.873945830332704,0.089665446527602,0.0437644136457053,0.914637156396031
"Results_G_accuracy_At_1001/G_accuracy_206.csv",7,"phenix",8,206,0.0790184012461796,0.0697539719084415,0.77730884033654,0.0851184139199115,0.0585588760299616,0.861753100417946
"Results_G_accuracy_At_1001/G_accuracy_206.csv",8,"MegaLMM",8,206,0.0793118841093291,0.048555407144674,0.870278425721138,0.0784313740414938,0.0477912995538724,0.898083475137247
"Results_G_accuracy_At_1001/G_accuracy_206.csv",9,"MTG2",16,206,0.0727479116067384,0.0619442467992229,0.643062817929796,0.109195579253148,0.0618191689785196,0.821396704996787
"Results_G_accuracy_At_1001/G_accuracy_206.csv",10,"MCMCglmm",16,206,0.185349285550178,0.0522294893337676,0.745438038572831,0.0927170572598275,0.0405259987023375,0.928447266434658
"Results_G_accuracy_At_1001/G_accuracy_206.csv",11,"phenix",16,206,0.0741911353956791,0.0707977892630312,0.671853478610422,0.0671548371282374,0.0550159708893253,0.872969964762814
"Results_G_accuracy_At_1001/G_accuracy_206.csv",12,"MegaLMM",16,206,0.0755306812613045,0.0559899837230742,0.656426808265394,0.0598218169578184,0.0483217367454539,0.890555714650431
"Results_G_accuracy_At_1001/G_accuracy_206.csv",13,"MTG2",32,206,0.115266837944995,0.0556066533603006,0.534363892923615,0.189268753689814,0.0898058980969964,0.616475250500732
"Results_G_accuracy_At_1001/G_accuracy_206.csv",14,"MCMCglmm",32,206,0.233350841115123,0.0474545637451464,0.713569514168624,0.122895120470403,0.035907043844912,0.943897099136001
"Results_G_accuracy_At_1001/G_accuracy_206.csv",15,"phenix",32,206,0.087067065238768,0.0637241476804615,0.696239356954224,0.0614674270066241,0.0462182254341474,0.904300280788793
"Results_G_accuracy_At_1001/G_accuracy_206.csv",16,"MegaLMM",32,206,0.0763233195773821,0.0448093938453311,0.732105142655117,0.0666414483723651,0.0381491712572379,0.934463474878748
"Results_G_accuracy_At_1001/G_accuracy_206.csv",17,"MTG2",64,206,0.148327789261178,0.0660372445600685,0.323845639299452,0.200435537535295,0.0847956744082099,0.408084117775936
"Results_G_accuracy_At_1001/G_accuracy_206.csv",18,"MCMCglmm",64,206,0.303795765948779,0.045269543378742,0.76212677605152,0.158403929896077,0.0358866822915356,0.925102718565728
"Results_G_accuracy_At_1001/G_accuracy_206.csv",19,"phenix",64,206,0.139827774416536,0.0637260876774258,0.740991563131335,0.063767885793618,0.0418310328908916,0.889886736082395
"Results_G_accuracy_At_1001/G_accuracy_206.csv",20,"MegaLMM",64,206,0.0781549326093082,0.0407339051308808,0.812156470110538,0.061149337982675,0.0374531580594458,0.913637285968952
"Results_G_accuracy_At_1001/G_accuracy_206.csv",21,"phenix",128,206,0.304885234465994,0.0800419431925694,0.683604914041257,0.0852409278070553,0.043579163408682,0.877800406437215
"Results_G_accuracy_At_1001/G_accuracy_206.csv",22,"MegaLMM",128,206,0.082207769549571,0.0366894475608621,0.832538861397392,0.0605842236360974,0.0328425069326154,0.936013379658292
"Results_G_accuracy_At_1001/G_accuracy_207.csv",1,"MTG2",4,207,0.118646887434505,0.0605101947631608,0.784119992109006,0.116890919009695,0.0448994011300095,0.957260220141065
"Results_G_accuracy_At_1001/G_accuracy_207.csv",2,"MCMCglmm",4,207,0.089166205896765,0.0464097763836381,0.882346011537702,0.0963633011780201,0.0228437910820499,0.962978352967752
"Results_G_accuracy_At_1001/G_accuracy_207.csv",3,"phenix",4,207,0.108340240204026,0.0549983702953467,0.817510614601081,0.117486466878964,0.0415561035527972,0.962742815773536
"Results_G_accuracy_At_1001/G_accuracy_207.csv",4,"MegaLMM",4,207,0.087415062006699,0.0332265553571669,0.39219283944714,0.0991250913623733,0.0303283238393769,0.911550818055479
"Results_G_accuracy_At_1001/G_accuracy_207.csv",5,"MTG2",8,207,0.094271629664217,0.0711898893531603,0.649721573530119,0.0799134869287195,0.0576624536258161,0.853157742194834
"Results_G_accuracy_At_1001/G_accuracy_207.csv",6,"MCMCglmm",8,207,0.113604568341394,0.0616185001634065,0.631200840594119,0.0790648712670062,0.0407633679150067,0.887016417061991
"Results_G_accuracy_At_1001/G_accuracy_207.csv",7,"phenix",8,207,0.0718037110155817,0.0685726073287403,0.651106101939965,0.0855567886808934,0.0526473617505271,0.859651617693301
"Results_G_accuracy_At_1001/G_accuracy_207.csv",8,"MegaLMM",8,207,0.0752096506262576,0.0578173452606224,0.612530292809204,0.0687078110682973,0.0363156801298525,0.898319056727398
"Results_G_accuracy_At_1001/G_accuracy_207.csv",9,"MTG2",16,207,0.107529360959917,0.0586097520563393,0.620315271255482,0.126094809509433,0.0665572024139084,0.796762932977351
"Results_G_accuracy_At_1001/G_accuracy_207.csv",10,"MCMCglmm",16,207,0.20817710551262,0.0552903993637884,0.525777593875104,0.108769973457375,0.0433491504349394,0.925055753789408
"Results_G_accuracy_At_1001/G_accuracy_207.csv",11,"phenix",16,207,0.083981074586431,0.0654620066338669,0.639868698386827,0.0769784303440185,0.0533095185379103,0.881042490344815
"Results_G_accuracy_At_1001/G_accuracy_207.csv",12,"MegaLMM",16,207,0.108494968161459,0.0520957735163872,0.425084410667012,0.0740779411394161,0.0429606393041256,0.929968518658144
"Results_G_accuracy_At_1001/G_accuracy_207.csv",13,"MTG2",32,207,0.145248666375711,0.0521518174187723,0.495265688734795,0.189181053170222,0.0867102991374284,0.552605336751718
"Results_G_accuracy_At_1001/G_accuracy_207.csv",14,"MCMCglmm",32,207,0.263639421222328,0.0516091982221683,0.628663072870448,0.123265710865537,0.0377038132872678,0.93088537834616
"Results_G_accuracy_At_1001/G_accuracy_207.csv",15,"phenix",32,207,0.112336576767159,0.0648189006155059,0.666499892711634,0.0794423290929521,0.0446040895688333,0.894976365875978
"Results_G_accuracy_At_1001/G_accuracy_207.csv",16,"MegaLMM",32,207,0.0900409601848853,0.0425006871330082,0.72333155740938,0.0686794953970236,0.0360772046940401,0.935380195099019
"Results_G_accuracy_At_1001/G_accuracy_207.csv",17,"MTG2",64,207,0.163178820940328,0.0657564038819139,0.314787434904712,0.204059160411775,0.0838579112249037,0.397230096873379
"Results_G_accuracy_At_1001/G_accuracy_207.csv",18,"MCMCglmm",64,207,0.326916351338697,0.0501579864035632,0.70378275180248,0.160503348600665,0.0377949847552014,0.912677514763546
"Results_G_accuracy_At_1001/G_accuracy_207.csv",19,"phenix",64,207,0.188955585835719,0.0744740826630091,0.681175042267842,0.0876731773035055,0.0456843523886451,0.858763084042042
"Results_G_accuracy_At_1001/G_accuracy_207.csv",20,"MegaLMM",64,207,0.0832607616867749,0.0424134476461179,0.791351182458678,0.0586033516977482,0.0334891576889843,0.929632927188897
"Results_G_accuracy_At_1001/G_accuracy_207.csv",21,"phenix",128,207,0.338020404420912,0.0912563191155407,0.651269439313826,0.106887754625683,0.0462539892238094,0.879900324264383
"Results_G_accuracy_At_1001/G_accuracy_207.csv",22,"MegaLMM",128,207,0.0812481707418089,0.0381081052481537,0.854147680861903,0.056291679746196,0.0324925214944401,0.942813571416012
"Results_G_accuracy_At_1001/G_accuracy_208.csv",1,"MTG2",4,208,0.141651047815129,0.0618613732103246,0.50203865937781,0.105685064458365,0.0424325543845854,0.904429634567683
"Results_G_accuracy_At_1001/G_accuracy_208.csv",2,"MCMCglmm",4,208,0.089582626207278,0.0549399932436695,0.59506843781759,0.0702768500098016,0.0387412327319182,0.908299057521195
"Results_G_accuracy_At_1001/G_accuracy_208.csv",3,"phenix",4,208,0.112451288095606,0.0621205015507054,0.544345958649185,0.126129257508855,0.044986717117718,0.906153857868258
"Results_G_accuracy_At_1001/G_accuracy_208.csv",4,"MegaLMM",4,208,0.133708285097142,0.0475503289647954,0.697828960093738,0.0984314137241324,0.0428087110099691,0.921238984895215
"Results_G_accuracy_At_1001/G_accuracy_208.csv",5,"MTG2",8,208,0.129281398611935,0.0642922547656319,0.79347503981185,0.0989543780729485,0.0429763525129642,0.891300683855972
"Results_G_accuracy_At_1001/G_accuracy_208.csv",6,"MCMCglmm",8,208,0.121939636768378,0.0471358461195196,0.812603332848858,0.0864870730911319,0.0346302597451216,0.898358319528923
"Results_G_accuracy_At_1001/G_accuracy_208.csv",7,"phenix",8,208,0.0999276793196336,0.0629741652945118,0.790370801050665,0.109973548365106,0.0407915652247908,0.896301261320141
"Results_G_accuracy_At_1001/G_accuracy_208.csv",8,"MegaLMM",8,208,0.100018292988398,0.0480125226308346,0.772500753148847,0.0736843176898549,0.0433586735338311,0.834594552113853
"Results_G_accuracy_At_1001/G_accuracy_208.csv",9,"MTG2",16,208,0.122210261552335,0.0508249329980322,0.728479470605504,0.128141320023144,0.0446066995342747,0.867460136047258
"Results_G_accuracy_At_1001/G_accuracy_208.csv",10,"MCMCglmm",16,208,0.167033588259383,0.0451934813664331,0.757751982031473,0.112354137279985,0.0326719958441343,0.929319092307244
"Results_G_accuracy_At_1001/G_accuracy_208.csv",11,"phenix",16,208,0.0996354819646847,0.0596207274291682,0.757510878172507,0.105315329149757,0.0419263475431128,0.919403776043952
"Results_G_accuracy_At_1001/G_accuracy_208.csv",12,"MegaLMM",16,208,0.103754677002255,0.0460930788171691,0.725221948543802,0.086340993622206,0.0360977205507619,0.911916979158592
"Results_G_accuracy_At_1001/G_accuracy_208.csv",13,"MTG2",32,208,0.130295426439253,0.0527389566322978,0.54554799220683,0.176799338659494,0.0675047128935232,0.723839136423416
"Results_G_accuracy_At_1001/G_accuracy_208.csv",14,"MCMCglmm",32,208,0.224337316334029,0.0473511943760437,0.673765125835995,0.11894445463411,0.0360074324937912,0.919320438767486
"Results_G_accuracy_At_1001/G_accuracy_208.csv",15,"phenix",32,208,0.0994442738451844,0.0641850894556591,0.682344799908823,0.0898046993325623,0.0421356011826209,0.898518550414149
"Results_G_accuracy_At_1001/G_accuracy_208.csv",16,"MegaLMM",32,208,0.0857599339546576,0.044890076733624,0.686979027922896,0.0670764796120376,0.0375076482151038,0.909677785461387
"Results_G_accuracy_At_1001/G_accuracy_208.csv",17,"MTG2",64,208,0.160984256391122,0.0642209010956294,0.289238845193351,0.204520901762119,0.0790480729328249,0.432171613886554
"Results_G_accuracy_At_1001/G_accuracy_208.csv",18,"MCMCglmm",64,208,0.295015212857522,0.0457113857241795,0.738328351869762,0.178644733356155,0.0356832458605437,0.912234160258484
"Results_G_accuracy_At_1001/G_accuracy_208.csv",19,"phenix",64,208,0.155007183843497,0.0663820737138001,0.733786250526617,0.0841835661720374,0.0402922723276689,0.888278285516585
"Results_G_accuracy_At_1001/G_accuracy_208.csv",20,"MegaLMM",64,208,0.0915523740722013,0.0401080295526863,0.801956784524412,0.0675813384802888,0.032260700815178,0.926156389023981
"Results_G_accuracy_At_1001/G_accuracy_208.csv",21,"phenix",128,208,0.349209456195176,0.0882700733424528,0.63481394768689,0.10851931235148,0.0465041415286337,0.867331449831784
"Results_G_accuracy_At_1001/G_accuracy_208.csv",22,"MegaLMM",128,208,0.0766195663339626,0.0350529812185668,0.82358871013971,0.0633128052358449,0.0340587939529575,0.932256039948366
"Results_G_accuracy_At_1001/G_accuracy_209.csv",1,"MTG2",4,209,0.066960436909615,0.0489313245642723,0.85606050077303,0.0780375517307846,0.0482111462118671,0.947933184056443
"Results_G_accuracy_At_1001/G_accuracy_209.csv",2,"MCMCglmm",4,209,0.120263305998537,0.033227694279768,0.798406902201845,0.0996477985711589,0.0351027641300262,0.925532894274754
"Results_G_accuracy_At_1001/G_accuracy_209.csv",3,"phenix",4,209,0.0652676800871114,0.0487050069594803,0.861245000767022,0.0879331545020512,0.0457195120208096,0.951587778336946
"Results_G_accuracy_At_1001/G_accuracy_209.csv",4,"MegaLMM",4,209,0.0788543260032874,0.0300717839678307,0.475257675113701,0.0812078585862683,0.0454505494528869,0.912291711044103
"Results_G_accuracy_At_1001/G_accuracy_209.csv",5,"MTG2",8,209,0.0255185426630433,0.0771435827755095,0.374003230834417,0.0532081070772984,0.0585042244889375,0.918487113732725
"Results_G_accuracy_At_1001/G_accuracy_209.csv",6,"MCMCglmm",8,209,0.149211168228937,0.0394479183701785,0.564024551391063,0.0948866036455328,0.0335069922917481,0.95887286041454
"Results_G_accuracy_At_1001/G_accuracy_209.csv",7,"phenix",8,209,0.0360346444442706,0.072197599571374,0.424460316689938,0.0577154222227564,0.0522280821582718,0.922002269536208
"Results_G_accuracy_At_1001/G_accuracy_209.csv",8,"MegaLMM",8,209,0.048520815117179,0.0268833489617212,0.414213660447005,0.0597177947638791,0.0368350656374923,0.938019559888092
"Results_G_accuracy_At_1001/G_accuracy_209.csv",9,"MTG2",16,209,0.0811680588708738,0.0510570622703121,0.538431213608016,0.153902195533234,0.0652666060901323,0.84692701617599
"Results_G_accuracy_At_1001/G_accuracy_209.csv",10,"MCMCglmm",16,209,0.210975508640011,0.0417922314015295,0.600579192399413,0.108936633692663,0.0349026306572867,0.949021869695995
"Results_G_accuracy_At_1001/G_accuracy_209.csv",11,"phenix",16,209,0.0638835532656445,0.0656753398437059,0.564733487636979,0.0562518053627579,0.0502585717466098,0.91102294877242
"Results_G_accuracy_At_1001/G_accuracy_209.csv",12,"MegaLMM",16,209,0.0681661242002959,0.0400164473868605,0.498416096283481,0.0679053674775415,0.0375250367700537,0.938251718547175
"Results_G_accuracy_At_1001/G_accuracy_209.csv",13,"MTG2",32,209,0.123322452616185,0.0420254106435507,0.4420525005699,0.21478833545507,0.0767997945114095,0.66511187320596
"Results_G_accuracy_At_1001/G_accuracy_209.csv",14,"MCMCglmm",32,209,0.276201229906948,0.0437435911670719,0.526452839154156,0.108746118593912,0.0356648341855023,0.933145578453753
"Results_G_accuracy_At_1001/G_accuracy_209.csv",15,"phenix",32,209,0.108917643333928,0.0654425071662593,0.548138516741404,0.0672547415227426,0.0454702643194778,0.887666633362374
"Results_G_accuracy_At_1001/G_accuracy_209.csv",16,"MegaLMM",32,209,0.0728484882893431,0.0365529487485634,0.52202809076954,0.0631317415626081,0.0364085533898242,0.924839983992738
"Results_G_accuracy_At_1001/G_accuracy_209.csv",17,"MTG2",64,209,0.162964064613539,0.0540930221567901,0.297261152426911,0.239323364034778,0.0800784697335853,0.416053373586032
"Results_G_accuracy_At_1001/G_accuracy_209.csv",18,"MCMCglmm",64,209,0.341056138870714,0.0429966081450927,0.671953868001245,0.146908903527467,0.0356766944524159,0.919902782996113
"Results_G_accuracy_At_1001/G_accuracy_209.csv",19,"phenix",64,209,0.175460227705681,0.0672033900283074,0.643431734536471,0.075919297805361,0.043513546797944,0.869625083243775
"Results_G_accuracy_At_1001/G_accuracy_209.csv",20,"MegaLMM",64,209,0.0802150237367688,0.0350752708043002,0.78088401985003,0.0631160262298396,0.0329864454470312,0.925362376361844
"Results_G_accuracy_At_1001/G_accuracy_209.csv",21,"phenix",128,209,0.320220674974043,0.0776586001764932,0.711886685520705,0.0915313978560511,0.0414237124310559,0.870662810449822
"Results_G_accuracy_At_1001/G_accuracy_209.csv",22,"MegaLMM",128,209,0.0773150374490903,0.035255670802362,0.862780796092446,0.0633047168241056,0.0308348556082017,0.932996634567644
"Results_G_accuracy_At_1001/G_accuracy_210.csv",1,"MTG2",4,210,0.0649516047769544,0.0662057395724046,0.481983240188061,0.0473029378631787,0.0476242552485689,0.7862099891959
"Results_G_accuracy_At_1001/G_accuracy_210.csv",2,"MCMCglmm",4,210,0.10423600858689,0.0481899114454453,0.590144887155006,0.0818105807189294,0.0358807877028594,0.856240833755633
"Results_G_accuracy_At_1001/G_accuracy_210.csv",3,"phenix",4,210,0.0557105202511971,0.0577771344078891,0.546741834832466,0.0464463718024907,0.03945868466054,0.826337793410568
"Results_G_accuracy_At_1001/G_accuracy_210.csv",4,"MegaLMM",4,210,0.0542393600290583,0.048999763853365,0.610994030567975,0.0536682070710167,0.0349544785114937,0.869647756252478
"Results_G_accuracy_At_1001/G_accuracy_211.csv",1,"MTG2",4,211,0.090058357254844,0.0678272638945996,0.600331260099084,0.03632789719335,0.0548314286130133,0.679468640709833
"Results_G_accuracy_At_1001/G_accuracy_211.csv",2,"MCMCglmm",4,211,0.116291989193031,0.055515325197023,0.62958266389994,0.0625786165585643,0.0461874948353493,0.73331357323457
"Results_G_accuracy_At_1001/G_accuracy_211.csv",3,"phenix",4,211,0.060412324797644,0.0697174507590949,0.601249236116166,0.0791624603620308,0.0550833407664317,0.684157017893563
"Results_G_accuracy_At_1001/G_accuracy_211.csv",4,"MegaLMM",4,211,0.0939025490366659,0.0635260898532685,0.641915034920469,0.0446189488249434,0.0600283899720428,0.664111403791923
"Results_G_accuracy_At_1001/G_accuracy_211.csv",5,"MTG2",8,211,0.0970219459195246,0.0711115560263372,0.65003963840221,0.0517708607277375,0.0482167328142364,0.911600042814542
"Results_G_accuracy_At_1001/G_accuracy_211.csv",6,"MCMCglmm",8,211,0.165982378111118,0.0438068052934926,0.704317250617835,0.119506623124223,0.0375302788709248,0.917794385126831
"Results_G_accuracy_At_1001/G_accuracy_211.csv",7,"phenix",8,211,0.0652944073991887,0.0643891100808892,0.661498490153136,0.073004371713015,0.0460769825202821,0.909238158558667
"Results_G_accuracy_At_1001/G_accuracy_211.csv",8,"MegaLMM",8,211,0.095596293936131,0.0350138779013857,0.733792541373285,0.0801408234368791,0.0358024246576785,0.940245005160119
"Results_G_accuracy_At_1001/G_accuracy_211.csv",9,"MTG2",16,211,0.0813981331565283,0.0523143772288428,0.68749710955502,0.101976355172977,0.0460293604502799,0.79356994721584
"Results_G_accuracy_At_1001/G_accuracy_211.csv",10,"MCMCglmm",16,211,0.184722607640107,0.0442050721304174,0.734153647390301,0.114927704183209,0.0363898625887802,0.876980647393279
"Results_G_accuracy_At_1001/G_accuracy_211.csv",11,"phenix",16,211,0.0499584526287283,0.0645440306620766,0.710448646328895,0.0601606215384032,0.0429586456801514,0.863216750554265
"Results_G_accuracy_At_1001/G_accuracy_211.csv",12,"MegaLMM",16,211,0.0756863628904437,0.0397690703664796,0.749114458446974,0.069128391190995,0.0356230165944035,0.889974666526214
"Results_G_accuracy_At_1001/G_accuracy_211.csv",13,"MTG2",32,211,0.118019925677718,0.0471632409550285,0.532350540563062,0.197033484496727,0.0691174628120829,0.654883326435984
"Results_G_accuracy_At_1001/G_accuracy_211.csv",14,"MCMCglmm",32,211,0.273155115618266,0.0444789707282909,0.650941687049797,0.128995987519831,0.0382010626807004,0.899568307460826
"Results_G_accuracy_At_1001/G_accuracy_211.csv",15,"phenix",32,211,0.0862632145733728,0.0605469883096183,0.672503178187917,0.0615920946270315,0.0439121090687471,0.883860155200312
"Results_G_accuracy_At_1001/G_accuracy_211.csv",16,"MegaLMM",32,211,0.0580847026063298,0.0379424410731283,0.702340950256054,0.0519250861531184,0.0367310797666558,0.905611895569422
"Results_G_accuracy_At_1001/G_accuracy_211.csv",17,"MTG2",64,211,0.161196050330821,0.0648097162838218,0.295763351014245,0.225064491876485,0.0871518497036523,0.426668851329193
"Results_G_accuracy_At_1001/G_accuracy_211.csv",18,"MCMCglmm",64,211,0.315997890360832,0.0448930701555749,0.754462363507503,0.169583451971016,0.0372058709409091,0.921313690682664
"Results_G_accuracy_At_1001/G_accuracy_211.csv",19,"phenix",64,211,0.135475304548857,0.0649763792239068,0.735031395499466,0.0648558763540148,0.0438892618169616,0.888769826180094
"Results_G_accuracy_At_1001/G_accuracy_211.csv",20,"MegaLMM",64,211,0.0699455085599072,0.0383614453126959,0.823690443033302,0.0502117701132016,0.032836106672289,0.937441248312647
"Results_G_accuracy_At_1001/G_accuracy_211.csv",21,"phenix",128,211,0.300786604878855,0.0801887382921606,0.698280889104502,0.0852722415610588,0.0446694801340776,0.892376970360762
"Results_G_accuracy_At_1001/G_accuracy_211.csv",22,"MegaLMM",128,211,0.0727845489979068,0.0345382431924383,0.861245203390375,0.0591902314380304,0.0345941688026057,0.937298733363364
"Results_G_accuracy_At_1001/G_accuracy_212.csv",1,"MTG2",4,212,0.0938499967066937,0.0941105730095801,0.691924948586801,0.0490945996197096,0.0521593418409084,0.601924973200821
"Results_G_accuracy_At_1001/G_accuracy_212.csv",2,"MCMCglmm",4,212,0.0756440644166072,0.0758771240276304,0.742506786242944,0.0400817489774807,0.0435022422292611,0.632137439929166
"Results_G_accuracy_At_1001/G_accuracy_212.csv",3,"phenix",4,212,0.034849805782622,0.0801675361028086,0.727315504810801,0.0303714040569359,0.046890048039108,0.618452053748617
"Results_G_accuracy_At_1001/G_accuracy_212.csv",4,"MegaLMM",4,212,0.0877389792755091,0.0485171016440085,0.870080354810552,0.0494489837093265,0.0430202528869343,0.379260355375866
"Results_G_accuracy_At_1001/G_accuracy_212.csv",5,"MTG2",8,212,0.0722958196115789,0.0745698992943764,0.746523825525855,0.0546878129211998,0.0529802941658449,0.636757399663788
"Results_G_accuracy_At_1001/G_accuracy_212.csv",6,"MCMCglmm",8,212,0.0594103063196008,0.0578500343106109,0.738056955757638,0.0469364521402701,0.042002456429991,0.62051131590177
"Results_G_accuracy_At_1001/G_accuracy_212.csv",7,"phenix",8,212,0.0476992089126925,0.0686062586095861,0.748167036274935,0.0465844503206151,0.049370596842325,0.630452830826614
"Results_G_accuracy_At_1001/G_accuracy_212.csv",8,"MegaLMM",8,212,0.060293208663013,0.0638218494085464,0.616183595539349,0.0353650586647214,0.0434415884524544,0.488905631626239
"Results_G_accuracy_At_1001/G_accuracy_212.csv",9,"MTG2",16,212,0.0824227557023146,0.0623697688642389,0.708623112121892,0.0642295465823894,0.0453043949903103,0.889672465133756
"Results_G_accuracy_At_1001/G_accuracy_212.csv",10,"MCMCglmm",16,212,0.158191726756441,0.0509219753720814,0.671854698858927,0.0884499280019432,0.0350754556778414,0.918925449560382
"Results_G_accuracy_At_1001/G_accuracy_212.csv",11,"phenix",16,212,0.0651971483172729,0.0598993428709883,0.704699973972981,0.0629015589055378,0.0453817941915062,0.889451150239289
"Results_G_accuracy_At_1001/G_accuracy_212.csv",12,"MegaLMM",16,212,0.075981908390995,0.0569164490690932,0.4710855019044,0.0503736028160614,0.0415304170470169,0.885073175350943
"Results_G_accuracy_At_1001/G_accuracy_212.csv",13,"MTG2",32,212,0.0956685327854852,0.0551403906009725,0.537172000622168,0.171320412297138,0.0641471904361716,0.737415576854424
"Results_G_accuracy_At_1001/G_accuracy_212.csv",14,"MCMCglmm",32,212,0.213924934328051,0.0501357510173444,0.645066771774811,0.11165235296492,0.0352513011576638,0.922788781052052
"Results_G_accuracy_At_1001/G_accuracy_212.csv",15,"phenix",32,212,0.0967475076203506,0.063038702403501,0.672413080656948,0.0685001876432868,0.0440160566452632,0.888384846709847
"Results_G_accuracy_At_1001/G_accuracy_212.csv",16,"MegaLMM",32,212,0.0721480401475968,0.0442182852909955,0.707465705882119,0.0562484878910178,0.0336543965551993,0.926669998486949
"Results_G_accuracy_At_1001/G_accuracy_212.csv",17,"MTG2",64,212,0.149978239031713,0.0702100871348395,0.293758624159492,0.2097691157373,0.0832881323245023,0.429054023123808
"Results_G_accuracy_At_1001/G_accuracy_212.csv",18,"MCMCglmm",64,212,0.297482233351621,0.0505912493232431,0.730040887940438,0.156777750983771,0.0373875684230292,0.918831874277575
"Results_G_accuracy_At_1001/G_accuracy_212.csv",19,"phenix",64,212,0.147304326261013,0.0681275676209481,0.733307933773029,0.0705835562829561,0.0423138545386061,0.885485878637716
"Results_G_accuracy_At_1001/G_accuracy_212.csv",20,"MegaLMM",64,212,0.0799396621795442,0.0442296547094339,0.798303959728415,0.0629560484068351,0.0350064310295147,0.92327120754226
"Results_G_accuracy_At_1001/G_accuracy_212.csv",21,"phenix",128,212,0.311430198832753,0.0823768775123778,0.697852259060686,0.0818724863106593,0.0416270887992108,0.88909030944236
"Results_G_accuracy_At_1001/G_accuracy_212.csv",22,"MegaLMM",128,212,0.0704082833320066,0.038828637794233,0.848001366583659,0.0632775715700745,0.0332354125466936,0.932169153671063
"Results_G_accuracy_At_1001/G_accuracy_213.csv",1,"MTG2",4,213,0.0673870477074412,0.0446258757989359,0.937798446502481,0.0456933471728203,0.0358893971023271,0.854479841503648
"Results_G_accuracy_At_1001/G_accuracy_213.csv",2,"MCMCglmm",4,213,0.0609849513523008,0.042414933755202,0.954604086355592,0.04298221643441,0.0289272001814913,0.902555830415499
"Results_G_accuracy_At_1001/G_accuracy_213.csv",3,"phenix",4,213,0.0749613695316795,0.0395844755485394,0.958904898017705,0.042969976012248,0.0325093764067798,0.871190906624442
"Results_G_accuracy_At_1001/G_accuracy_213.csv",4,"MegaLMM",4,213,0.0678634259994655,0.0720942192511543,0.946251069917776,0.037488598857131,0.0267583812015991,0.878676575830689
"Results_G_accuracy_At_1001/G_accuracy_213.csv",5,"MTG2",8,213,0.0962116869816194,0.0584751515345915,0.874988287823915,0.0742853744781159,0.0429003747139784,0.80421164000493
"Results_G_accuracy_At_1001/G_accuracy_213.csv",6,"MCMCglmm",8,213,0.111579028741422,0.0547759753925881,0.876677553566324,0.0791411777243216,0.0346077835166835,0.864652716027202
"Results_G_accuracy_At_1001/G_accuracy_213.csv",7,"phenix",8,213,0.0947546488397121,0.0604253720914182,0.877682903502835,0.0737362408681204,0.0414207954172002,0.810755837181545
"Results_G_accuracy_At_1001/G_accuracy_213.csv",8,"MegaLMM",8,213,0.101908453469055,0.0617172469348288,0.857968273772709,0.068244446819938,0.036445555748668,0.856020047989022
"Results_G_accuracy_At_1001/G_accuracy_213.csv",9,"MTG2",16,213,0.115138457150398,0.0719942204548597,0.774905313463134,0.105424856089951,0.0491229909971805,0.744192775500975
"Results_G_accuracy_At_1001/G_accuracy_213.csv",10,"MCMCglmm",16,213,0.15319298827906,0.0527900222823872,0.892579030541062,0.109196460034747,0.0361769619019422,0.874072728547783
"Results_G_accuracy_At_1001/G_accuracy_213.csv",11,"phenix",16,213,0.0903270542656354,0.0651985480949474,0.850335932813583,0.0671462255020502,0.0454528433659826,0.815753499368905
"Results_G_accuracy_At_1001/G_accuracy_213.csv",12,"MegaLMM",16,213,0.0872555000328284,0.055287983662355,0.884146613172316,0.0731655612392223,0.0407135508813554,0.849666542092588
"Results_G_accuracy_At_1001/G_accuracy_213.csv",13,"MTG2",32,213,0.146870941814354,0.082049433272083,0.565937464760036,0.135225827461556,0.0501941451821462,0.578425768010702
"Results_G_accuracy_At_1001/G_accuracy_213.csv",14,"MCMCglmm",32,213,0.202171606173719,0.0484854022968042,0.877434208603897,0.120788201306785,0.0347346878594887,0.824804330000846
"Results_G_accuracy_At_1001/G_accuracy_213.csv",15,"phenix",32,213,0.0965383025252556,0.0614432380482738,0.836149226567494,0.0797109422790629,0.0419592750872529,0.787795418976012
"Results_G_accuracy_At_1001/G_accuracy_213.csv",16,"MegaLMM",32,213,0.0883322085948526,0.0465945035759776,0.887917517297098,0.0663918326073167,0.0344354554925534,0.829503739095237
"Results_G_accuracy_At_1001/G_accuracy_213.csv",17,"MTG2",64,213,0.168209862024929,0.0776414427387936,0.300344263338052,0.197257666022184,0.0675572079987401,0.401297926182189
"Results_G_accuracy_At_1001/G_accuracy_213.csv",18,"MCMCglmm",64,213,0.311444683334457,0.0479674349493715,0.809322720165016,0.165506417902241,0.0364357113317057,0.876011805946947
"Results_G_accuracy_At_1001/G_accuracy_213.csv",19,"phenix",64,213,0.161374867083014,0.0656981983884041,0.770783996583105,0.0850868251922019,0.043828890763206,0.810651087868835
"Results_G_accuracy_At_1001/G_accuracy_213.csv",20,"MegaLMM",64,213,0.0870879688335478,0.0443026949146851,0.848009859752458,0.0664936788004507,0.0346210452538995,0.886179123803562
"Results_G_accuracy_At_1001/G_accuracy_213.csv",21,"phenix",128,213,0.308685455724146,0.0751736066723563,0.739919694563917,0.0958548083074744,0.0421532057245311,0.85336047678511
"Results_G_accuracy_At_1001/G_accuracy_213.csv",22,"MegaLMM",128,213,0.0828064514910224,0.0377949161890289,0.865481632525823,0.0643581608673962,0.032821091253614,0.918817034955059
"Results_G_accuracy_At_1001/G_accuracy_214.csv",1,"MTG2",4,214,0.101460292688116,0.0466622334199275,0.585405601448706,0.100988296194119,0.0466793773211681,0.944652044083475
"Results_G_accuracy_At_1001/G_accuracy_214.csv",2,"MCMCglmm",4,214,0.109388050617861,0.0359201828350815,0.458136290869608,0.0646020967827436,0.0487169223529524,0.899563144921618
"Results_G_accuracy_At_1001/G_accuracy_214.csv",3,"phenix",4,214,0.0934523404578852,0.0412087582527752,0.644448739260449,0.0908694356464638,0.0431028127836871,0.94413401892696
"Results_G_accuracy_At_1001/G_accuracy_214.csv",4,"MegaLMM",4,214,0.087281708066514,0.027141776635943,0.898498145385077,0.083108785236772,0.0262701079651407,0.858538303661588
"Results_G_accuracy_At_1001/G_accuracy_214.csv",5,"MTG2",8,214,0.0768514615218169,0.0582539511667244,0.590797133024811,0.0861346678965911,0.0568860376896602,0.895583040070672
"Results_G_accuracy_At_1001/G_accuracy_214.csv",6,"MCMCglmm",8,214,0.158090226203581,0.0391083731974547,0.646832747068768,0.0894037884837861,0.0462063940298178,0.896281506136537
"Results_G_accuracy_At_1001/G_accuracy_214.csv",7,"phenix",8,214,0.072258669241272,0.0533056794579658,0.610867498699354,0.0708504039167829,0.0505412853025843,0.898619773122377
"Results_G_accuracy_At_1001/G_accuracy_214.csv",8,"MegaLMM",8,214,0.0895414781564729,0.0395303306089278,0.557923318578187,0.0790087670254408,0.0444450825550782,0.875004322147232
"Results_G_accuracy_At_1001/G_accuracy_214.csv",9,"MTG2",16,214,0.087587109218238,0.0466578093107356,0.62149441860812,0.109035838699893,0.0441999373084454,0.840573775030579
"Results_G_accuracy_At_1001/G_accuracy_214.csv",10,"MCMCglmm",16,214,0.186296664744279,0.0427116699309708,0.624101777791117,0.105089600903312,0.0362437571309139,0.899712929087046
"Results_G_accuracy_At_1001/G_accuracy_214.csv",11,"phenix",16,214,0.0630494051814054,0.0541635911485408,0.6879108012332,0.0733669138179373,0.0451678428358728,0.887885784736285
"Results_G_accuracy_At_1001/G_accuracy_214.csv",12,"MegaLMM",16,214,0.0814164855088141,0.0385834891889518,0.661922539628786,0.0657511247983824,0.0352964206537346,0.907766156541154
"Results_G_accuracy_At_1001/G_accuracy_214.csv",13,"MTG2",32,214,0.116079895320122,0.0574737886378248,0.575998929720082,0.141794961780165,0.0576333473826769,0.719109988582092
"Results_G_accuracy_At_1001/G_accuracy_214.csv",14,"MCMCglmm",32,214,0.204735854095454,0.0466571635169068,0.742113039592451,0.132537495090265,0.0356564173990347,0.896942054071267
"Results_G_accuracy_At_1001/G_accuracy_214.csv",15,"phenix",32,214,0.0865599920633968,0.0579318185261395,0.753853848008637,0.0945088048467451,0.0423249067499723,0.881217145275142
"Results_G_accuracy_At_1001/G_accuracy_214.csv",16,"MegaLMM",32,214,0.0853862024550922,0.0454745014995328,0.750391855992196,0.0773400390011785,0.0359596425802336,0.894542701760906
"Results_G_accuracy_At_1001/G_accuracy_214.csv",17,"MTG2",64,214,0.140295377421167,0.0744650054044995,0.298667338375893,0.173477893228051,0.0784922169977108,0.409960179665137
"Results_G_accuracy_At_1001/G_accuracy_214.csv",18,"MCMCglmm",64,214,0.269870576362586,0.0465030495292264,0.80419086596531,0.179466480864034,0.0349714580396846,0.914930556459221
"Results_G_accuracy_At_1001/G_accuracy_214.csv",19,"phenix",64,214,0.122543084511197,0.0622764517669599,0.800268537138249,0.0722439318732782,0.0395078887823496,0.889200121386015
"Results_G_accuracy_At_1001/G_accuracy_214.csv",20,"MegaLMM",64,214,0.0787508593350926,0.0402275874540704,0.856714735266186,0.0727227247994146,0.0325122676684394,0.923268832695513
"Results_G_accuracy_At_1001/G_accuracy_214.csv",21,"phenix",128,214,0.277030669075489,0.0752423491760288,0.77632506983873,0.0823893063420134,0.0389617972945602,0.891825238689576
"Results_G_accuracy_At_1001/G_accuracy_214.csv",22,"MegaLMM",128,214,0.0746747002619395,0.038257689852859,0.867303713843995,0.0629913471304788,0.0316949696764432,0.929930853634932
"Results_G_accuracy_At_1001/G_accuracy_215.csv",1,"MTG2",4,215,0.0705456388831031,0.0317462882654878,0.932565480981363,0.0643739069903611,0.0340505315206257,0.474887966108942
"Results_G_accuracy_At_1001/G_accuracy_215.csv",2,"MCMCglmm",4,215,0.0963438253591659,0.0263870883160393,0.932808579874024,0.0715884922354903,0.0336545855477674,0.504878939774863
"Results_G_accuracy_At_1001/G_accuracy_215.csv",3,"phenix",4,215,0.067579653229493,0.0315886580421073,0.938327824651624,0.0632469681177544,0.0337271033624934,0.481820073423593
"Results_G_accuracy_At_1001/G_accuracy_215.csv",4,"MegaLMM",4,215,0.0694081050640298,0.0487859572653137,0.965186241734055,0.0625224398836354,0.0344499769230852,0.423916632308021
"Results_G_accuracy_At_1001/G_accuracy_215.csv",5,"MTG2",8,215,0.0434614818743547,0.0484920033382585,0.859679754784209,0.0449499071488975,0.0421993296354132,0.779065226461856
"Results_G_accuracy_At_1001/G_accuracy_215.csv",6,"MCMCglmm",8,215,0.145796264965357,0.0362478007190126,0.893128602783724,0.0957563131678657,0.0326539152270118,0.852216781683367
"Results_G_accuracy_At_1001/G_accuracy_215.csv",7,"phenix",8,215,0.0474625058632199,0.0477666267922853,0.865453678127834,0.0352150121846069,0.04109374890737,0.785333537331492
"Results_G_accuracy_At_1001/G_accuracy_215.csv",8,"MegaLMM",8,215,0.0425031773198387,0.0454214066294857,0.829843266994905,0.0524460241245658,0.0353816155142068,0.800629691461039
"Results_G_accuracy_At_1001/G_accuracy_215.csv",9,"MTG2",16,215,0.0591893671020735,0.0496410858977123,0.83786934951088,0.0796414873583467,0.0362891741171966,0.820627061116654
"Results_G_accuracy_At_1001/G_accuracy_215.csv",10,"MCMCglmm",16,215,0.203654548513995,0.0378487895852772,0.876437725300472,0.0988176978415828,0.0296285991081918,0.867901895490334
"Results_G_accuracy_At_1001/G_accuracy_215.csv",11,"phenix",16,215,0.0580928325501948,0.0559711494451818,0.866739105669425,0.0487882573003489,0.0385890698409822,0.832890865361501
"Results_G_accuracy_At_1001/G_accuracy_215.csv",12,"MegaLMM",16,215,0.074042454965807,0.040865261724663,0.842026426142859,0.0762547254727748,0.0361513689910529,0.783143859236616
"Results_G_accuracy_At_1001/G_accuracy_215.csv",13,"MTG2",32,215,0.11529588879339,0.0527947720965673,0.577519497006471,0.158248986650299,0.0630874096217661,0.633798194902776
"Results_G_accuracy_At_1001/G_accuracy_215.csv",14,"MCMCglmm",32,215,0.243015236809755,0.0430065887385309,0.761058550336077,0.109840819752354,0.0353925058082546,0.897482561125304
"Results_G_accuracy_At_1001/G_accuracy_215.csv",15,"phenix",32,215,0.0879375838536179,0.0617564140825932,0.746325869829819,0.0625319227957469,0.0445038837521714,0.851875174908718
"Results_G_accuracy_At_1001/G_accuracy_215.csv",16,"MegaLMM",32,215,0.0817169797890605,0.0419167519558666,0.75711911774396,0.0701090414077589,0.0352704426576333,0.899060680421453
"Results_G_accuracy_At_1001/G_accuracy_215.csv",17,"MTG2",64,215,0.178809561613861,0.0609703383587154,0.322810543168122,0.216807452819092,0.0790854161737798,0.394263465211693
"Results_G_accuracy_At_1001/G_accuracy_215.csv",18,"MCMCglmm",64,215,0.334263365501002,0.0435791463021674,0.741930308129003,0.150926959612715,0.0371694274535353,0.906512697475127
"Results_G_accuracy_At_1001/G_accuracy_215.csv",19,"phenix",64,215,0.168323682014967,0.0632215263119692,0.733885228207687,0.08332490158928,0.0433301623099629,0.861651244145074
"Results_G_accuracy_At_1001/G_accuracy_215.csv",20,"MegaLMM",64,215,0.0783628026834221,0.0384651085200562,0.802349857588674,0.0658550641679286,0.0359762340606836,0.909465098380212
"Results_G_accuracy_At_1001/G_accuracy_215.csv",21,"phenix",128,215,0.320889650795671,0.0762468246975825,0.741992241137748,0.100215205349045,0.0423308832802403,0.874168107523282
"Results_G_accuracy_At_1001/G_accuracy_215.csv",22,"MegaLMM",128,215,0.0766804443006499,0.034789933949861,0.866565634039187,0.0673146624098322,0.0333967719119665,0.925409226501971
"Results_G_accuracy_At_1001/G_accuracy_216.csv",1,"MTG2",4,216,0.127641174697011,0.0615156152463894,0.871902651805954,0.0911701979938415,0.0521498731971546,0.897748773306411
"Results_G_accuracy_At_1001/G_accuracy_216.csv",2,"MCMCglmm",4,216,0.137592724400725,0.0440953398241196,0.782722222829844,0.0641975597185085,0.0461590678138842,0.853928743759272
"Results_G_accuracy_At_1001/G_accuracy_216.csv",3,"phenix",4,216,0.101146938738814,0.0516496337154127,0.868189939933597,0.106801507462488,0.0385809662981447,0.913090708690632
"Results_G_accuracy_At_1001/G_accuracy_216.csv",4,"MegaLMM",4,216,0.128241461387449,0.0485714253795452,0.444777389618357,0.0671537537026216,0.0461611859464057,0.851140303025349
"Results_G_accuracy_At_1001/G_accuracy_216.csv",5,"MTG2",8,216,0.0993218015398494,0.0681666618606667,0.850384649720493,0.0899001192127626,0.0539617276903699,0.938998195826776
"Results_G_accuracy_At_1001/G_accuracy_216.csv",6,"MCMCglmm",8,216,0.143681602254894,0.0324775049833463,0.93259099845917,0.0568550179587594,0.0413198118989281,0.919076811546789
"Results_G_accuracy_At_1001/G_accuracy_216.csv",7,"phenix",8,216,0.0821479215410531,0.0597002995992795,0.868336744188312,0.0876941996367726,0.044787839487532,0.938016206667414
"Results_G_accuracy_At_1001/G_accuracy_216.csv",8,"MegaLMM",8,216,0.0849996187767596,0.0366983876272847,0.892191852155573,0.0683223312836339,0.0410467676007007,0.909721030815581
"Results_G_accuracy_At_1001/G_accuracy_216.csv",9,"MTG2",16,216,0.1258700295319,0.0579433315525227,0.744988168593147,0.141193721185593,0.0679305120516263,0.805661249903434
"Results_G_accuracy_At_1001/G_accuracy_216.csv",10,"MCMCglmm",16,216,0.208670020068847,0.0479408908294989,0.833550948719438,0.089451632005392,0.0392607038053341,0.932643133138184
"Results_G_accuracy_At_1001/G_accuracy_216.csv",11,"phenix",16,216,0.0764617182890088,0.0640724791310068,0.839619002134765,0.0751335267935622,0.0497886034798196,0.911725457508008
"Results_G_accuracy_At_1001/G_accuracy_216.csv",12,"MegaLMM",16,216,0.0962216557049749,0.0449952373876064,0.854157894714642,0.0662815816254298,0.038446970025223,0.936094820966185
"Results_G_accuracy_At_1001/G_accuracy_216.csv",13,"MTG2",32,216,0.137964755084404,0.057550408108734,0.627194467356365,0.177852609127842,0.0762505050309941,0.694176339513538
"Results_G_accuracy_At_1001/G_accuracy_216.csv",14,"MCMCglmm",32,216,0.255847517592636,0.0490043643200694,0.755872829745078,0.128092071886311,0.0368448647552628,0.931232847869706
"Results_G_accuracy_At_1001/G_accuracy_216.csv",15,"phenix",32,216,0.111403820905983,0.0624889308647631,0.777719221966009,0.0802656072245792,0.0448975743878766,0.898197842976385
"Results_G_accuracy_At_1001/G_accuracy_216.csv",16,"MegaLMM",32,216,0.0976611536082957,0.0399151224081376,0.839228826163454,0.0633974355900121,0.035812976585877,0.933078667714212
"Results_G_accuracy_At_1001/G_accuracy_216.csv",17,"MTG2",64,216,0.177077487795276,0.0713857102496952,0.324835285800888,0.200469153158638,0.0862640997608686,0.396248228250833
"Results_G_accuracy_At_1001/G_accuracy_216.csv",18,"MCMCglmm",64,216,0.318176900720416,0.0478828816397028,0.773596981928656,0.160769957930715,0.0381058078860259,0.91459064620902
"Results_G_accuracy_At_1001/G_accuracy_216.csv",19,"phenix",64,216,0.16536261930872,0.065528313804163,0.781105257477957,0.0842677378168969,0.0427262274809889,0.886143940969944
"Results_G_accuracy_At_1001/G_accuracy_216.csv",20,"MegaLMM",64,216,0.0822871645854636,0.0395691345524284,0.850897252651757,0.0623840865530107,0.0354654116555028,0.923245946366403
"Results_G_accuracy_At_1001/G_accuracy_216.csv",21,"phenix",128,216,0.32422363264962,0.0839674197606862,0.720856646119519,0.102466494012167,0.0437891477326989,0.880735103842897
"Results_G_accuracy_At_1001/G_accuracy_216.csv",22,"MegaLMM",128,216,0.0891917325693129,0.0371696159185343,0.864702091803755,0.066029782811804,0.0340552115664978,0.930504846455804
"Results_G_accuracy_At_1001/G_accuracy_217.csv",1,"MTG2",4,217,0.0582932711622241,0.0659250883443472,0.812780410385052,0.0483811310855529,0.0373705796719991,0.851953348860884
"Results_G_accuracy_At_1001/G_accuracy_217.csv",2,"MCMCglmm",4,217,0.0534494012984006,0.0596747265028426,0.747317907522139,0.0323308641814809,0.0267057231519584,0.919179325667258
"Results_G_accuracy_At_1001/G_accuracy_217.csv",3,"phenix",4,217,0.0468086015479694,0.0632238280666907,0.783474481280653,0.0504146877781516,0.0367688529737834,0.837715311620496
"Results_G_accuracy_At_1001/G_accuracy_217.csv",4,"MegaLMM",4,217,0.0476116538212118,0.0578563653108026,0.152130958500452,0.0365861472613202,0.052507061203262,0.707933323459446
"Results_G_accuracy_At_1001/G_accuracy_217.csv",5,"MTG2",8,217,0.0993427957374066,0.0845025084706491,0.625098963729446,0.060498520755963,0.0564558179451598,0.864095538748752
"Results_G_accuracy_At_1001/G_accuracy_217.csv",6,"MCMCglmm",8,217,0.117258252733133,0.054249308967952,0.734934455344509,0.0754276510660057,0.0338234354659467,0.902786617491486
"Results_G_accuracy_At_1001/G_accuracy_217.csv",7,"phenix",8,217,0.0769966287444938,0.0812025136258417,0.631485173801237,0.0861250408569147,0.054278199516339,0.869681708288505
"Results_G_accuracy_At_1001/G_accuracy_217.csv",8,"MegaLMM",8,217,0.0776488602176876,0.0496214327337335,0.717392757758268,0.0405542835520648,0.0358371634574027,0.893323050319487
"Results_G_accuracy_At_1001/G_accuracy_217.csv",9,"MTG2",16,217,0.0717831195481058,0.0635922120238575,0.68802169670256,0.0481809693092468,0.0479147957372277,0.879527490071819
"Results_G_accuracy_At_1001/G_accuracy_217.csv",10,"MCMCglmm",16,217,0.145353900698709,0.0492463354226987,0.75392879092577,0.0941118984843266,0.0337176577939794,0.944981586918189
"Results_G_accuracy_At_1001/G_accuracy_217.csv",11,"phenix",16,217,0.0721178315116464,0.0641811552110578,0.721567481602738,0.0824640763450959,0.0463367204483033,0.913826950560065
"Results_G_accuracy_At_1001/G_accuracy_217.csv",12,"MegaLMM",16,217,0.0769376734137025,0.0491097840134408,0.793410816272817,0.0490669124631045,0.0351480514076619,0.940817941025776
"Results_G_accuracy_At_1001/G_accuracy_217.csv",13,"MTG2",32,217,0.131025293512844,0.0587308302627956,0.523601851027662,0.206127053913213,0.092129657355615,0.625760619741702
"Results_G_accuracy_At_1001/G_accuracy_217.csv",14,"MCMCglmm",32,217,0.231440269736705,0.047453598063668,0.725098290238349,0.129560312091999,0.0363733541098781,0.944800088111068
"Results_G_accuracy_At_1001/G_accuracy_217.csv",15,"phenix",32,217,0.0818532188190434,0.0571134825665681,0.737947590157083,0.0792596661856223,0.0444430441118154,0.929635902400493
"Results_G_accuracy_At_1001/G_accuracy_217.csv",16,"MegaLMM",32,217,0.0684999038846695,0.0419899952008817,0.794977750438609,0.0524256999510784,0.0362604378920265,0.944226806589365
"Results_G_accuracy_At_1001/G_accuracy_217.csv",17,"MTG2",64,217,0.160580626351081,0.0647472565676056,0.307000812608869,0.235351444708885,0.088810911105063,0.431941745211192
"Results_G_accuracy_At_1001/G_accuracy_217.csv",18,"MCMCglmm",64,217,0.320124758942015,0.0477421303203753,0.712985290014365,0.157966446209924,0.0378331071230645,0.920970036902948
"Results_G_accuracy_At_1001/G_accuracy_217.csv",19,"phenix",64,217,0.163876255557866,0.0659205047904822,0.710875578988565,0.0737373551128506,0.0426274050200222,0.899618169655287
"Results_G_accuracy_At_1001/G_accuracy_217.csv",20,"MegaLMM",64,217,0.0737973953433857,0.0400067182184004,0.807979980852469,0.0509211762460219,0.0344196003570118,0.9326781735647
"Results_G_accuracy_At_1001/G_accuracy_217.csv",21,"phenix",128,217,0.298633940463807,0.078913508838534,0.72123967550162,0.087704230163082,0.0396736620307833,0.887768065406196
"Results_G_accuracy_At_1001/G_accuracy_217.csv",22,"MegaLMM",128,217,0.0778239417847459,0.0393902222786888,0.858321956804485,0.0557616585607547,0.0308712545412251,0.934519670902452
"Results_G_accuracy_At_1001/G_accuracy_218.csv",1,"MTG2",4,218,0.055153678831076,0.125456509152415,0.786262191059602,0.052812489856136,0.0811234440155559,0.719069434450359
"Results_G_accuracy_At_1001/G_accuracy_218.csv",2,"MCMCglmm",4,218,0.142231374968885,0.0826495687270886,0.805148256451844,0.0918280188665214,0.042034618684594,0.852062672769726
"Results_G_accuracy_At_1001/G_accuracy_218.csv",3,"phenix",4,218,0.0480947427638834,0.116346334462555,0.796969121055999,0.050093018336085,0.0725078707984255,0.742983819270149
"Results_G_accuracy_At_1001/G_accuracy_218.csv",4,"MegaLMM",4,218,0.0370020133118701,0.0722659795561566,0.783052047573108,0.053196099240031,0.034007305261162,0.802723435337621
"Results_G_accuracy_At_1001/G_accuracy_218.csv",5,"MTG2",8,218,0.137000076647953,0.0777090052904563,0.838602446685647,0.0835313987307237,0.0587427159959628,0.81486642296146
"Results_G_accuracy_At_1001/G_accuracy_218.csv",6,"MCMCglmm",8,218,0.121908326125463,0.0562671616841706,0.890735038013708,0.0726221473084871,0.0389047550994001,0.879531003055881
"Results_G_accuracy_At_1001/G_accuracy_218.csv",7,"phenix",8,218,0.0804331091274353,0.078664063485913,0.874478950353247,0.0893407424402046,0.0571656083558287,0.834975262981495
"Results_G_accuracy_At_1001/G_accuracy_218.csv",8,"MegaLMM",8,218,0.103678674466337,0.0755593287155444,0.857583317313038,0.0639473312005269,0.0540642954083808,0.768832472223854
"Results_G_accuracy_At_1001/G_accuracy_218.csv",9,"MTG2",16,218,0.106550028869237,0.066626512180883,0.738770914510933,0.0794095450764187,0.0499713342574538,0.773956240300883
"Results_G_accuracy_At_1001/G_accuracy_218.csv",10,"MCMCglmm",16,218,0.14216684404769,0.0454954554630166,0.883943258237747,0.0968008311479303,0.0364835333372161,0.882412033882136
"Results_G_accuracy_At_1001/G_accuracy_218.csv",11,"phenix",16,218,0.0722837803263573,0.0621973017840178,0.835832564626272,0.0920877874356806,0.0490560380186137,0.854788508577424
"Results_G_accuracy_At_1001/G_accuracy_218.csv",12,"MegaLMM",16,218,0.0937631905986697,0.0566883339223885,0.838506368723268,0.0564954473448447,0.044079086654909,0.826280839086753
"Results_G_accuracy_At_1001/G_accuracy_218.csv",13,"MTG2",32,218,0.144082821063357,0.0679897183916238,0.513739477831555,0.207239404723926,0.0768462910500089,0.612732154423757
"Results_G_accuracy_At_1001/G_accuracy_218.csv",14,"MCMCglmm",32,218,0.244424166002857,0.047047939752572,0.803755046989872,0.13133894747771,0.0384681582854316,0.914032841833026
"Results_G_accuracy_At_1001/G_accuracy_218.csv",15,"phenix",32,218,0.084122666812028,0.0574274828938266,0.788416343703839,0.0740504718934143,0.0473640760381732,0.879490075935435
"Results_G_accuracy_At_1001/G_accuracy_218.csv",16,"MegaLMM",32,218,0.0822928305439666,0.0460061869312275,0.823018659217898,0.0619363154322018,0.0369811356829582,0.915577186273256
"Results_G_accuracy_At_1001/G_accuracy_218.csv",17,"MTG2",64,218,0.159420752364651,0.0697668742228729,0.270223587090238,0.230387305635042,0.0826864305117552,0.379749056161214
"Results_G_accuracy_At_1001/G_accuracy_218.csv",18,"MCMCglmm",64,218,0.311120012547449,0.0493367084618027,0.734368638491046,0.167634107431229,0.0388193289975326,0.910783682845414
"Results_G_accuracy_At_1001/G_accuracy_218.csv",19,"phenix",64,218,0.169358182077555,0.0701607886889394,0.709349247058069,0.085332661909126,0.0457102416267732,0.856717099490289
"Results_G_accuracy_At_1001/G_accuracy_218.csv",20,"MegaLMM",64,218,0.0781616815518926,0.0451112114843828,0.785321824014328,0.0636151767554987,0.03614567795491,0.914970694118905
"Results_G_accuracy_At_1001/G_accuracy_218.csv",21,"phenix",128,218,0.342528353375376,0.0909274963529583,0.673653310613955,0.105352690409227,0.0486304732078694,0.827958439209215
"Results_G_accuracy_At_1001/G_accuracy_218.csv",22,"MegaLMM",128,218,0.0807345689504206,0.0464692675917768,0.817513804486876,0.0654695514860767,0.03667706402354,0.907876803372451
"Results_G_accuracy_At_1001/G_accuracy_219.csv",1,"MTG2",4,219,0.0860611827826266,0.0295734881560546,0.972410675419056,0.0275669874000544,0.0376856790229747,0.859901444632485
"Results_G_accuracy_At_1001/G_accuracy_219.csv",2,"MCMCglmm",4,219,0.0690789521719497,0.0361072454784103,0.89928497229025,0.0360882605233033,0.0409533879038035,0.786414632884364
"Results_G_accuracy_At_1001/G_accuracy_219.csv",3,"phenix",4,219,0.0916081368277577,0.0248004929535746,0.976249781192682,0.0367175633203463,0.0345034894814591,0.890718645501089
"Results_G_accuracy_At_1001/G_accuracy_219.csv",4,"MegaLMM",4,219,0.068887370166066,0.0668610770828436,0.375312143348509,0.0289029292988813,0.0573866920509149,0.445147524161756
"Results_G_accuracy_At_1001/G_accuracy_219.csv",5,"MTG2",8,219,0.0830559032503269,0.0474510225378485,0.857309831639581,0.0338024617723985,0.0413310270769307,0.77568078303367
"Results_G_accuracy_At_1001/G_accuracy_219.csv",6,"MCMCglmm",8,219,0.0921776664445943,0.0472471888602856,0.871466799527774,0.0699738047448075,0.0378471577172885,0.782036154548975
"Results_G_accuracy_At_1001/G_accuracy_219.csv",7,"phenix",8,219,0.0745070571130781,0.0438877715736929,0.87863646422161,0.0309985442242839,0.0375356414271246,0.804624292397032
"Results_G_accuracy_At_1001/G_accuracy_219.csv",8,"MegaLMM",8,219,0.0692805675318987,0.0735691807840246,0.668532397191951,0.0267394932575648,0.0483687485820147,0.59941310160182
"Results_G_accuracy_At_1001/G_accuracy_219.csv",9,"MTG2",16,219,0.0753710880967447,0.0633965219031796,0.764464978215019,0.0568597785246565,0.0517141047954262,0.689983536994986
"Results_G_accuracy_At_1001/G_accuracy_219.csv",10,"MCMCglmm",16,219,0.123051721095876,0.0475836599351338,0.838435934563945,0.0965169476642441,0.0430292935063,0.758361730069258
"Results_G_accuracy_At_1001/G_accuracy_219.csv",11,"phenix",16,219,0.0800566687665468,0.0649316803991654,0.788562794880461,0.0674553948889576,0.0510941613754484,0.699889909404996
"Results_G_accuracy_At_1001/G_accuracy_219.csv",12,"MegaLMM",16,219,0.0804274849478036,0.0583290518375622,0.744276278432074,0.0537948731460978,0.0483430814359147,0.684787786925324
"Results_G_accuracy_At_1001/G_accuracy_219.csv",13,"MTG2",32,219,0.109080192677601,0.0618072336896519,0.534508898916619,0.149116130957047,0.0626358121636392,0.600481720980629
"Results_G_accuracy_At_1001/G_accuracy_219.csv",14,"MCMCglmm",32,219,0.219416438875091,0.0477952260963535,0.763780500656764,0.125626287492104,0.0390078262097122,0.868380803455253
"Results_G_accuracy_At_1001/G_accuracy_219.csv",15,"phenix",32,219,0.0906242533312334,0.0643169558139262,0.749580407937595,0.0648272758295778,0.0465980270050874,0.822467006991252
"Results_G_accuracy_At_1001/G_accuracy_219.csv",16,"MegaLMM",32,219,0.0864475257807704,0.0484525314076795,0.759564160719675,0.0609611802484481,0.0386858554113718,0.878804770668892
"Results_G_accuracy_At_1001/G_accuracy_219.csv",17,"MTG2",64,219,0.147994058448123,0.0687315734842217,0.274264327784557,0.211306747884329,0.0813929173088007,0.387121434750709
"Results_G_accuracy_At_1001/G_accuracy_219.csv",18,"MCMCglmm",64,219,0.305878441472517,0.0467055629945126,0.7625624403671,0.164152438316849,0.0381299827161308,0.90930649042557
"Results_G_accuracy_At_1001/G_accuracy_219.csv",19,"phenix",64,219,0.14793542520151,0.066714997137484,0.753384907150759,0.0663391023992235,0.0444016733493158,0.862615737634158
"Results_G_accuracy_At_1001/G_accuracy_219.csv",20,"MegaLMM",64,219,0.0843271317717267,0.044772007652335,0.780219526022544,0.0636387341659866,0.0380259283133324,0.901989226407082
"Results_G_accuracy_At_1001/G_accuracy_219.csv",21,"phenix",128,219,0.323769199245885,0.0828673585272041,0.704831347398188,0.101710417109036,0.046116844655308,0.861527040372737
"Results_G_accuracy_At_1001/G_accuracy_219.csv",22,"MegaLMM",128,219,0.086634828394935,0.0430040313774518,0.801397138374168,0.0683448798837346,0.0367089563956599,0.919492331810391
"Results_G_accuracy_At_1001/G_accuracy_220.csv",1,"MTG2",4,220,0.087498875987885,0.0983757288319481,0.831072346503586,0.0581760090853201,0.0669684175515094,0.319837732415975
"Results_G_accuracy_At_1001/G_accuracy_220.csv",2,"MCMCglmm",4,220,0.098413077530995,0.073226409344719,0.859331963927642,0.0555522789773214,0.0497118563318696,0.494574270361839
"Results_G_accuracy_At_1001/G_accuracy_220.csv",3,"phenix",4,220,0.0716600274297476,0.0873282191452918,0.838083372218003,0.070169178489568,0.0591932103075306,0.336300265225016
"Results_G_accuracy_At_1001/G_accuracy_220.csv",4,"MegaLMM",4,220,0.0628584007105055,0.0485668868514062,0.771333165769775,0.0388746218873129,0.0182382479168011,0.910580747993709
"Results_G_accuracy_At_1001/G_accuracy_220.csv",5,"MTG2",8,220,0.0730381517955754,0.0624600191255458,0.888627803562707,0.0481839355263348,0.049755683310728,0.566450011174547
"Results_G_accuracy_At_1001/G_accuracy_220.csv",6,"MCMCglmm",8,220,0.104727431786801,0.0410412259188658,0.896870330514864,0.0697153259564586,0.0365009162566882,0.641120895783969
"Results_G_accuracy_At_1001/G_accuracy_220.csv",7,"phenix",8,220,0.0722595585490303,0.0570699190834518,0.893829110334245,0.0630359569171179,0.0460289843208155,0.585206553394971
"Results_G_accuracy_At_1001/G_accuracy_220.csv",8,"MegaLMM",8,220,0.0643050498582278,0.0386416288955943,0.906577103085943,0.050192721191337,0.0353306748348627,0.589075365638244
"Results_G_accuracy_At_1001/G_accuracy_220.csv",9,"MTG2",16,220,0.0892753737587116,0.0571308401895577,0.774269663381631,0.0916611425832422,0.04782416473297,0.806754058818821
"Results_G_accuracy_At_1001/G_accuracy_220.csv",10,"MCMCglmm",16,220,0.16218187259036,0.0419260480621941,0.817323038561881,0.108899901697697,0.033548254539869,0.909875273209559
"Results_G_accuracy_At_1001/G_accuracy_220.csv",11,"phenix",16,220,0.0767160079867598,0.0628404999104634,0.784956659477591,0.0679105604232513,0.0463415415129183,0.857352597458877
"Results_G_accuracy_At_1001/G_accuracy_220.csv",12,"MegaLMM",16,220,0.101181786735101,0.0431050646052813,0.814209214528053,0.0836823245352975,0.0342780441337114,0.913115560100194
"Results_G_accuracy_At_1001/G_accuracy_220.csv",13,"MTG2",32,220,0.129184981596698,0.0533804352085531,0.565808223995101,0.168934851192071,0.0565546907103731,0.684713605906907
"Results_G_accuracy_At_1001/G_accuracy_220.csv",14,"MCMCglmm",32,220,0.229134033295106,0.0437859892622467,0.733768481887318,0.127357621681289,0.034717073367711,0.889537063436584
"Results_G_accuracy_At_1001/G_accuracy_220.csv",15,"phenix",32,220,0.106952607127218,0.06093280233211,0.721980008005805,0.0814654671240641,0.0430204797861768,0.856840711609442
"Results_G_accuracy_At_1001/G_accuracy_220.csv",16,"MegaLMM",32,220,0.096656373382657,0.0434424095318923,0.729855079707136,0.0789602229442857,0.0356876744561485,0.881484206760364
"Results_G_accuracy_At_1001/G_accuracy_220.csv",17,"MTG2",64,220,0.176883427924194,0.0542784192759668,0.261160112688199,0.2535985339044,0.0831036317520416,0.415383735110086
"Results_G_accuracy_At_1001/G_accuracy_220.csv",18,"MCMCglmm",64,220,0.339884122767646,0.0437899494475992,0.660157725253989,0.162506146940936,0.0368702570312715,0.917430655038045
"Results_G_accuracy_At_1001/G_accuracy_220.csv",19,"phenix",64,220,0.167227936161722,0.0649297432317048,0.66378475035311,0.0906341518292299,0.0434183485738058,0.881770815883559
"Results_G_accuracy_At_1001/G_accuracy_220.csv",20,"MegaLMM",64,220,0.0840290084172213,0.036362849840529,0.760465094412058,0.0783208521015501,0.0343104172973474,0.923472372529083
"Results_G_accuracy_At_1001/G_accuracy_220.csv",21,"phenix",128,220,0.345248175560281,0.0827076336771077,0.631107967643703,0.113923264066367,0.0442832010189384,0.881050712817323
"Results_G_accuracy_At_1001/G_accuracy_220.csv",22,"MegaLMM",128,220,0.0750776051983648,0.0311457757635321,0.838817748215203,0.0677970859035231,0.0329837555005502,0.938537844665374
